IDENTIFIERS,,STAFF,,,,,,,,,,,,,,,,,,STUDENT LIFECYCLE,,,,,,,,,,,,,,,,,POST LAUREAM EDUCATION,,,,,,,,,,ECONOMIC AND FINANCIAL,,,,,,,,,,,,,,,,,,,,,,,,,,,,,,,,,,,,,,,,,RESEARCH,
UNIVERSITY_ID,YEAR,INTERNAL TEACHING STAFF,AVERAGE AGE OF INTERNAL TEACHING STAFF,FULL PROFESSORS,AVERAGE AGE OF FULL PROFESSORS ,ASSOCIATE PROFESSOR ,AVERAGE AGE OF ASSOCIATE PROFESSORS,TENURED RESEARCHERS,AVERAGE AGE OF TENURED RESEARCHERS,FIXED-TERM RESEARCHERS,AVERAGE AGE OF FIXED-TERM RESEARCHERS,RESEARCH FELLOWS,AVERAGE AGE OF RESEARCH FELLOWS,EXECUTIVE TECHNICAL ADMINISTRATIVE STAFF,COLLABORATORS IN RESEARCH ACTIVITIES,INTERNAL TEACHING STAFF AND RESEARCH FELLOWS,NON-ACADEMIC STAFF,UNIVERSITY STAFF,ADJUNCT FACULTY,NUMBER OF FIRST-YEAR ENTRANCE,NUMBER OF FIRST-TIME ENTRANCE,NUMBER OF ENROLLED STUDENTS,NUMBER OF FIRST-YEAR ENROLLED STUDENTS,NUMBER OF REGULAR STUDENTS,PERCENTAGE OF STUDENTS ENROLLED IN THE SECOND YEAR IN THE SAME DEGREE PROGRAMME,PERCENTAGE OF INACTIVE STUDENTS,NUMBER OF GRADUATES,PERCENTAGE OF GRADUATES WITHIN THE STANDARD DURATION OF THE DEGREE PROGRAMME,PERCENTAGE OF GRADUATES WITHIN ONE YEAR BEYOND THE STANDARD DURATION OF THE DEGREE PROGRAMME,PERCENTAGE OF GRADUATES SATISFIED WITH THE DEGREE PROGRAMMES,PERCENTAGE OF GRADUATES EMPLOYED ONE YEAR AFTER GRADUATION ,PERCENTAGE OF GRADUATES EMPLOYED THREE YEARS AFTER GRADUATION,STUDENT-STAFF RATIO,CREDITS OBTAINED ABROAD,PROPORTION OF STUDENTS WHO COMPLETED CURRICULAR INTERNSHIPS OR RECOGNISED WORK ACTIVITIES,PROPORTION OF STUDENTS WHO USED CAREER/JOB PLACEMENT SERVICES,STUDENTS ENROLLED IN PHD PROGRAMMES,PERCENTAGE OF DOCTORAL CANDIDATES RECEIVING A SCHOLARSHIP,PHDS AWARDED,AVERAGE AGE OF PHD GRADUATES,STUDENTS ENROLLED IN SPECIALISATION PROGRAMMES ,STUDENTS ENROLLED IN FIRST-LEVEL MASTER’S PROGRAMMES,STUDENTS ENROLLED IN SECOND-LEVEL MASTER’S PROGRAMMES,SPECIALISATION DIPLOMAS AWARDED,FIRST-LEVEL MASTER’S DEGREES AWARDED,SECOND-LEVEL MASTER’S DEGREES AWARDED,STUDENT CONTRIBUTION REVENUE,AVERAGE TOTAL TUITION FEE FOR ENROLLED UNDERGRADUATE STUDENTS,TOTAL REVENUES,CURRENT REVENUES,TEACHING ACTIVITIES REVENUES,PUBLIC REVENUES,REVENUES FROM THE EUROPEAN UNION AND REST OF THE WORLD,REVENUES FROM PRIVATE SOCIAL INSTITUTIONS,REVENUES FROM ENTERPRISES,TOTAL EXPENDITURES,CURRENT EXPENDITURES,PURCHASE OF GOODS AND SERVICES,NET BALANCE,NET EQUITY,NET ECONOMIC RESULT,OPERATING REVENUES,OPERATING REVENUES: OWN REVENUES,OPERATING REVENUES: CONTRIBUTIONS,OPERATING REVENUES: OTHER REVENUES,OPERATING COSTS,OPERATING COSTS: PERSONNEL,OPERATING COSTS: CURRENT MANAGEMENT,OPERATING COSTS: DEPRECIATION AND WRITE-DOWNS,OPERATING COSTS: OTHER,OPERATING RESULT,OWN REVENUES FROM TEACHING,TEACHING REVENUES: DEGREE PROGRAMMES,TEACHING REVENUES: MASTER'S PROGRAMMES,TEACHING REVENUES: POST-DEGREE PROGRAMMES,"TEACHING REVENUES: STATE EXAMINATIONS, ADMINISTRATIVE FEES AND OTHER",TEACHING REVENUES: OTHER COURSES,OWN REVENUES FROM RESEARCH,INDEBTEDNESS INDEX (IDEB),ECONOMIC AND FINANCIAL SUSTAINABILITY INDEX,FFO (ANVUR),FFO (DM),BASE FUNDING QUOTA,PERFORMANCE-BASED FUNDING QUOTA,EQUALISATION INTERVENTIONS,EXTRAORDINARY FUNDING PLANS,STANDARD COST PER STUDENT,HIGHLY CITED RESEARCHERS ,ARTICLES PUBLISHED IN NATURE AND SCIENCE 
Bari,2020,1520,"51,2",272,"58,9",523,"53,2",425,"52,5",300,39,143,"34,6",1335,1350,1658,1339,4658,427,10102,7707,42776,12425,29457,"68,58941286","10,33627972",7193,"50,71597386","72,5427499","89,43459148","44,75079533","73,08310992","28,14144737",9428,"59,4","65,3",588,"90,47619048",130,"32,86",1661,120,139,288,88,577,37736172,"634,02","379688760,8","253834270,7","38461660,6","250843270,4","1532993,33","348318,34","907572,32","342872282,2","262753099,7","30639965,95","36816478,66",281187470,41961597,293744388,52597398,235647918,5499072,241719450,167454986,64072732,7239817,2951915,52024938,38385591,30301885,649419,2183511,3294964,1955812,14211807,0,"1,295139796",0,179692122,117682112,46634445,7073805,8124512,7113,57,3
Bari Politecnico,2020,326,"49,5",78,"56,6",120,"52,4",34,"52,5",94,"38,7",96,"34,5",226,121,422,243,883,102,1934,1888,10066,2752,7007,"78,18422212","11,35625338",1855,"56,54986523","77,35849057","91,2042503","64,33260394","93,54243542","30,87730061",6843,"57,8","51,1",215,"84,18604651",41,"31,39",19,0,62,0,0,8,"8861787,03","675,04","95576282,36","51270094,52","8664999,03","50350463,83","432355,2",0,"487275,49","86630831,25","58258970,46","11213491,03","8945451,11","69999975,59","2989933,7","67414770,68","13803174,14","53271061,78","340534,76","61375848,24","36541640,23","15892711,86","6364956,42","2576539,73","6038922,44","7096259,03","6302283,2",37900,28500,"670295,66","57280,17","6706915,11",0,"1,336506781",0,41043094,27304719,11276408,141063,2317369,8334,21,2
Basilicata,2020,320,"53,9",50,"62,1",136,"55,4",91,"53,3",43,"40,7",41,"37,5",258,107,366,258,826,110,1245,961,6253,1532,3855,"70,09425878","13,89599318",847,"38,96103896","63,75442739","92,77777778","61,88118812","82,72727273","19,5375",2293,76,"68,8",128,"85,9375",36,"32,44",32,9,0,0,0,0,"6151195,64","511,32","72843366,4","45412425,05","6189497,02","44867824,11","396331,2","105202,71","43067,03","69380538,66","53345367,24","8883041,37","3462827,74","48766530,29","767729,29","60306080,33","9064800,63","50370735,55","870544,15","56828714,9","38681795,67","12024515,23","4505959,74","1616444,26","3477365,43","6178095,62","5888885,32","26899,98",67620,"194690,32",0,"2886705,01",0,"1,212724412",0,30155605,17855887,9188640,781202,2310301,9059,9,0
Bergamo,2020,375,"50,5",91,"58,7",161,51,48,"51,1",75,"39,1",99,"33,5",255,83,474,257,1041,281,4546,3520,21746,6793,17184,"79,47966288","8,900593373",3991,"64,24455024","84,46504635","93,44396083","71,9273743","88,52672751","57,98933333",12443,59,"68,7",142,"84,50704225",43,"30,72",0,82,74,0,160,56,"23738214,98","802,86","129149117,6","70502831,15","20361286,31","70252804,74",1000,"1185,84","247840,57","107300934,7","70036158,65","16278761,98","21848182,9",149213808,"18301371,36","94586697,93","23242829,76","62748372,9","8595495,27","73136909,53","46096848,22","21430018,8","2322073,25","3287969,26","21449788,4","20458664,69","18434791,69","553126,62","360674,65","730795,96","379275,77","2784165,07","2,473689311","1,526341722",0,55082751,38365377,15078631,0,3420748,5654,5,0
Bologna,2020,2850,"51,2",771,"57,6",1249,"51,3",334,"54,1",496,"39,3",1193,"32,3",2862,1693,4041,2944,9595,954,17963,14426,83776,28272,67042,"85,80908184","5,972687083",19083,"66,98108264","86,62684064","91,16490676","59,2284976","83,61901052","29,39438596",82442,"49,3","55,9",1763,"96,59671015",389,"31,75",2034,1535,559,0,889,335,"135092622,7","1357,75",1074050876,"519997055,7",125527186,"499680549,8","14901175,63","2106844,86","3023218,69","946465061,1","639311642,3","98393436,27","127585815,4","285656019,3","4275104,57","660700846,1","184072782,4","448640738,3","27987325,41","633480085,7","364100138,1","210316352,7","20193520,76","38870074,15","27220760,43","128559331,1","108490373,5","6553307,06","3430853,46","8582964,92","1501832,24","55513451,29","4,668553687","1,264251529",0,374684109,225431066,118865396,5518552,24730817,6700,226,12
Brescia,2020,611,"50,5",178,"57,3",227,"51,1",93,"51,3",113,"38,1",130,"33,4",484,825,741,489,2369,401,4095,3234,15274,4995,11746,"71,4320566","9,413988658",2486,"57,60257442","79,16331456","90,19189765","70,56213018","91,44927536","24,99836334",4055,,,246,"78,04878049",58,"31,02",974,57,42,174,0,22,21536665,"1218,14","193327574,9","107358496,5","18800145,48","105987364,2","404497,31",0,"921295,16",189202507,"130498927,2","19259833,11","4125067,91",162424835,2291117,132781173,26890984,101069087,4821102,125705113,70846018,46863091,7124994,871010,7076060,19431193,16967980,135508,1404162,751102,172441,7459791,"0,1109181927","1,162817916",0,68185573,42005401,20622232,979367,4554033,7664,44,5
Cagliari,2020,959,"51,6",206,"58,6",414,52,174,"54,1",165,"39,4",145,36,870,1198,1102,917,3374,190,5926,4368,25448,7473,16394,"63,44789962","12,46069182",3695,"38,48443843","65,0879567","88,51251841","53,29018339","77,97956867","26,52763295",14375,"50,2","41,4",286,"81,46853147",106,"31,73",918,0,57,193,0,62,"21532869,22","533,58","296458581,6","172029837,9","16332746,53","166259245,7","3760719,92","761276,6","1105640,09","287875135,7","184408092,4","29727008,51","8583445,9","169156097,3","5216795,98","203953916,8","28859441,22","170999482,8","4094992,85","190650453,7","120409859,2","57154436,07","10194512,38","2891646,03","13303463,12","19404491,84","16342924,62","165970,6","579048,38","1752111,74","564436,5","9454949,38",0,"1,208818168",0,110305235,67869947,32516213,3661883,6165436,7817,43,1
Calabria,2020,807,"51,4",153,"59,4",325,"51,9",225,"51,2",104,"38,4",165,"35,4",616,190,972,652,2018,232,4576,4117,24566,6358,15368,"73,00624442","10,63535912",4373,"31,85456209","63,64052138","93,69943614","50,62972292","73,1292517","30,44114002",5759,"67,9","71,9",257,"87,15953307",90,"32,31",20,162,290,0,6,137,"23780171,94","528,3","245695905,6","135789086,3","16166810,75","134206506,1","991194,44","285699,77","154692,11","223335750,7","160150315,1","29619902,15","22360154,85","104577407,2","16925891,04",195790671,"33166289,32","127702203,6","34922178,09","171629842,1","93009325,93","55846359,97","18107254,63","4666901,59","24160828,88","21688255,86","14892348,52","589384,14","53060,5","2734043,63","3419419,07","11478033,46",0,"1,151593946",0,94599925,60899530,27357684,342235,5991901,7131,36,0
Camerino,2020,283,"54,2",62,"58,7",119,"53,8",70,"56,4",32,"42,2",78,"34,9",251,129,361,263,911,152,2005,1438,6657,2302,4828,"57,33590734","13,42863839",975,"52,92307692","75,07692308","96,03524229","60,72607261","84,04907975","23,5229682",2956,"52,3",76,204,"85,78431373",45,"33,72",178,10,297,0,26,179,"5263708,98","499,72","102135814,7","59058624,94","4311467,2","57449640,57","1124723,54",164840,"319420,83","89449442,26","54325462,97","9868390,20","12686372,44","48980833,76","2277798,86","62132403,9","8589288,9","48748120,3","4794994,7","56924493,81","36358956,94","14702611,71","4744776,36","1118148,8","5207910,09","4871650,98","3012981,05",722782,343014,"416380,38","376493,55","3717637,92","6,323912745","1,057727439",0,36463199,22804294,8920651,2259029,2422620,8772,16,0
Cassino,2020,246,53,63,"58,1",89,"52,5",73,"52,2",21,"43,2",30,"34,3",267,18,276,269,763,239,1575,1244,7164,2237,5406,"71,56342183","9,056070996",1392,"58,54885057","75,57471264","96,1669506","49,70588235","74,54545455","29,12195122",1305,"51,8","44,6",105,"70,47619048",33,"31,36",0,77,193,0,59,39,9442604,"559,77","100854477,6","33840841,27","8450025,79","32886146,93","263657,47",9000,"680036,87","100854477,6","44587078,77","4646561,44",0,-37981145,4026095,51747043,13614811,35200762,2931470,45246315,31909540,9623334,2193639,1519802,6500728,10051407,4194226,815735,0,1293098,3748348,3563404,0,"1,025911049",0,29498010,17946692,8822061,636032,2077288,6905,11,0
Catania,2020,1216,"52,8",325,"58,9",464,"53,1",230,"54,4",197,"40,3",163,"36,1",1116,892,1378,1128,3877,479,8676,7311,39373,11050,24593,"67,60813966","11,56776478",6409,"35,37213294","64,20658449","89,9252403","50,36719706","74,84076433","32,38157895",7422,73,"60,1",504,"85,71428571",97,"32,46",1104,194,220,247,105,150,"36736821,4","531,79","374371157,5","209178526,5","28485720,16","207313181,7","1034125,84","138614,49","596364,62","368959957,3","228636222,6","27912334,68","5411200,13","381377987,6","12101989,5","264132827,3","39912209,71",207449225,"16771392,59","240232269,3","150215173,8","69347663,59","9974936,73","10694495,23","23900558,02","30587709,14","25271457,24",785614,"970405,37","2620426,34","939806,19","9324500,57",0,"1,148761335",0,159916594,105334252,41041712,4771285,8649791,7892,70,3
Catanzaro,2020,266,"50,5",86,"57,7",98,"48,9",33,"53,1",49,"38,9",87,"35,9",161,416,353,161,1105,162,2332,1675,11040,2761,7690,"68,55439642","9,800825844",1640,"47,56097561","69,45121951","92,89544236","41,41414141","61,34751773","41,5",1636,"53,8","78,2",149,"83,22147651",47,"32,49",587,0,13,113,80,78,11442186,"551,4","113505107,7","72147652,82","9552333,62","71088856,99","216522,2",7000,"833273,63","108626902,5","71129742,35","19698704,07","4878205,12",76042363,10662366,96294098,15195424,63313883,17784791,83471234,36683382,35043025,10065591,1679236,12822864,9686516,7932451,155500,856335,542404,199826,5508908,"0,1130741311","1,59236806",0,44121288,29915515,11181891,378895,2635493,8553,7,0
Chieti e Pescara,2020,723,"52,3",191,59,291,"52,4",116,"53,1",125,"41,1",130,"36,6",339,617,853,339,2028,197,5243,3876,23039,6858,16518,"71,82907966","9,332023576",4407,"54,48150669","77,01384162","88,92808684","46,02821084","73,88797364","31,86721992",6039,"40,2",59,292,"93,83561644",63,"33,25",536,43,112,0,86,109,"19508326,5","645,91","208583534,3",118533540,"16030269,07","118073148,2","75281,04",0,"385110,72","201112906,5","139302736,5","37196572,16","7470627,8","216892426,2","9361323,81","149389936,2","22411663,89","118933557,8","8044714,44","135092307,3","75403913,65","51932635,6","5869497,75","1886260,31","14297628,84","16932611,24","13936792,26","900679,72","272391,55","1504000,53","318747,18","5479052,65",0,"1,403028912",0,94649639,62618019,24271135,2249347,5454776,6913,28,1
Ferrara,2020,645,"52,5",177,"58,6",283,"52,8",69,"55,5",116,"40,7",206,"35,6",499,770,848,491,2398,317,8971,7301,26119,10039,22145,"69,62025316","6,281813282",3898,"67,95792714","84,47922011","91,18209118","65,83333333","88,57479388","40,49302326",8430,"54,5","61,1",355,"86,76056338",108,"32,89",747,242,453,116,155,138,"30913872,75","915,48","225003214,9",116112957,"26196127,1","112911798,3","1836953,73",32585,"1327065,58","190683193,1",131132472,"20908172,09","34320021,86","200308572,1","25490586,28","157927879,7","34677599,91","116652902,5","6597377,23","128184383,7","74872394,43","42593483,23","5227820,16","5490685,86","29743495,99","27579037,72","23659110,79","1321663,6","1113321,2","1212232,9","272709,23","7098562,19",0,"1,450785782",0,85081979,54386986,27086587,0,5914877,7394,58,3
Firenze,2020,1664,"53,2",371,"60,3",800,"53,8",184,"56,1",309,"41,3",730,"34,6",1495,2851,2392,1513,7085,423,13166,10038,54715,17361,38839,"71,28797272","11,90302398",9751,"51,59470824","75,26407548","88,90967103","61,68224299","84,05405405","32,88161058",23842,"58,5","64,6",885,"83,61581921",255,"31,58",1728,662,458,296,612,397,"54327550,85","790,75","609229536,4","324336068,5","56176098,98","315711750,2","7016229,83","611244,23","823820,04","598167360,9","388000689,4","75822531,42","11062175,52","866096281,6","15835664,99","403957169,8","88223703,65","300053059,4","15680406,76","373655192,8","220194628,7","123456190,9","17035227,8","12969145,32","30301977,07","56245177,36","47030389,39","1917626,52","2580268,73","3130221,21","1586671,51","31978526,29","6,214648569","1,220514867",0,225456281,137247487,65556344,8683203,13751672,7070,147,5
Foggia,2020,374,"50,5",104,"57,3",132,51,83,"49,1",55,"38,7",30,"36,9",297,409,403,310,1187,60,3381,2646,11691,4178,8820,"69,44527736","8,529921365",2012,"59,7415507","79,42345924","92,73162939","49,75609756","66,37426901","31,06417112",8442,,,101,"83,16831683",27,"33,48",460,103,1,0,3,6,12622632,"526,92","110349897,8","61880504,46","10432724,8","60337288,99","1467640,97",68400,2625,"97584505,32","65405221,81","7486747,70","12765392,46",53565716,7328508,73048341,11621310,59805548,1621483,63775289,39037996,19510133,3918056,1309104,9273052,10874721,7102508,189184,690717,1416642,1475670,746589,"1,361070626","1,256890195",0,41787271,26581797,12761692,0,2537201,7373,10,2
Genova,2020,1264,"51,2",331,"58,1",530,"51,6",166,53,237,"39,3",335,"33,1",1251,1028,1597,1272,4741,868,9410,7267,33166,11950,24901,"69,56662354","10,7033225",5671,"55,98659848","78,39887145","88,86586285","67,04469646","88,26355525","26,23892405",17901,"79,6","40,1",956,"85,25104603",309,"31,94",1147,242,211,0,247,170,"50267763,06","1133,11","439931374,9","233250009,2","40706670,69","228197984,5","2479638,38","72613,16","2302804,41","407014514,2","273658823,9","40033878,64","32916860,68","346380424,6","24564189,88","307757444,4","68727415,91","222884204,1","16145824,43","272857497,1","175574124,5","84789131,88","9000511,96","3493728,79","34899947,32","45652369,04","40461858,78","1289337,17","995471,81","1468352,46","1437348,82","23075046,87","1,83558013","1,149218349",0,164219218,96558846,47134706,10382355,9883160,7256,67,4
Insubria,2020,378,52,96,"57,9",166,"52,4",61,"52,3",55,"40,2",51,"32,9",315,402,428,328,1384,240,3868,3094,12233,4399,10206,"68,66359447","6,453588048",2039,"64,59048553","85,72829819","92,08745445","65,66666667","82,24637681","32,38095238",4622,"69,9","60,1",191,"82,72251309",47,"32,32",452,80,0,60,54,0,"23143931,83","1601,7","126311516,1","67652112,35","20414257,52","65852564,21","1171099,15","247480,73","380968,26","113904680,2","80800964,58","15737226,36","12406835,93","91412496,44","13273500,87","92522495,65","23706640,61","64020895,51","4794959,53","77027561,12","42712034,64","29789802,14","2287566,75","2238157,59","15494934,53","21288884,23","19520457,6","291395,4",767952,"544792,76","164286,47","2417756,38","0,7730921002","1,377824106",0,46416295,28851288,14094207,167939,3298653,6991,23,2
L'Aquila,2020,579,"52,7",161,"59,6",213,"53,5",94,"55,6",111,"38,9",114,"35,9",430,461,684,432,1797,246,3583,2266,16178,4628,11236,"73,64644488","12,07590066",3084,"56,29053178","74,44876783","91,96269982","67,43002545","83,45864662","27,94127807",8095,"62,7","48,9",224,"78,125",59,"32,37",496,176,94,0,65,83,"16110956,31","544,99",170231918,"102023641,3","11473913,05","98252811,44","3201433,29","74787,44","494609,17","151720201,9","103081999,4","14222925,56","18511716,19","163939207,2","28466550,78",123826443,"20936267,04","102076979,6","813196,37","106304861,7","66911797,44","27520642,19","5777161,71","6095260,39","17521581,31","13754873,66","11512406,53","500645,75","537987,47","854969,49","348864,42","7181393,38",0,"1,256976366",0,78658135,49338303,18937102,6786946,3425723,7820,37,1
Macerata,2020,275,"51,6",67,"57,7",118,"50,7",62,"51,1",28,"42,4",27,34,271,46,302,290,847,215,2250,1633,10208,3239,7902,"73,47110924","8,106575964",2055,"62,43309002","82,87104623","90,89016137","50,99206349","76,46017699","37,12",4566,"51,4",49,99,"86,86868687",34,"34,91",79,70,78,0,46,153,"11581147,48","702,73","84076030,77","48425144,33","8401722,77","48085511,16","176194,7","31701,47",131737,"77481643,65","47553979,9","7845199,91","6594387,12","69151470,7","7787253,22","57557875,51","11585107,42","44007829,37","1964938,72","47028264,99","34610476,33","10138784,34","1767729,87","511274,45","10529610,52","10257909,74","7347756,23","364406,26",1639478,727885,"178384,25","1327197,68","7,737538753","1,158163523",0,36623662,21686591,10305262,2178178,2399052,5652,1,0
Marche Politecnica,2020,562,"51,5",171,"58,7",215,"51,3",69,"53,3",107,"39,4",222,"32,3",503,552,784,524,2106,262,3492,2795,15210,4751,10973,"70,52845528","9,346059346",3022,"50,72799471","79,54996691","92,9052537","72,31222386","92,27642276","27,06405694",7478,"75,2","58,4",328,"82,31707317",102,"31,75",662,84,90,94,80,38,"16766926,9","848,46","205507800,3",115087828,"14098564,68","112701618,7",1830968,0,"555241,31","202524715,8","132608132,7","21671349,25","2983084,49",120005482,836314,127342285,26177920,98278873,2885492,121692327,75337717,40263284,4294171,1797155,5649958,14520238,"12557098,24","525623,91","611076,44",647788,"178651,26",11657682,0,"1,157519172",0,73939175,46777628,21170044,1201099,4760308,8381,27,1
Messina,2020,1012,"52,7",247,"58,6",401,"52,4",227,"54,4",137,"40,3",62,"35,1",932,793,1074,934,2900,74,6514,4870,23681,8146,16587,"60,96160158","9,201378014",3849,"45,54429722","70,38191738","92,72572884","47,63819095","69,91576414","23,39624506",4913,54,"33,9",355,"83,09859155",54,"31,85",1060,170,58,0,72,79,26121164,"532,17","329240770,2","167467523,2","21072985,34","165765059,6","1048100,41",0,"638838,25","321175445,1","176259090,1","23770195,39","8065325,09",306208958,46774563,202588438,27752712,164962818,9872908,184931478,119511252,48728795,12956900,3734531,17656960,22222956,17417998,121566,1492219,2018845,1172328,5529756,"1,885427781","1,125047412",0,136917224,83633718,32436193,14480676,6003794,8164,47,0
Milano,2020,2199,"51,8",620,"58,7",922,"51,3",298,"54,4",359,"39,1",733,"33,4",1970,2383,2931,2028,8071,965,15265,11949,62716,20595,48141,"76,19655781","10,50942176",11687,"59,56190639","81,09865663","89,02471669","59,96398559","87,08347647","28,52023647",30861,"37,3","63,9",950,"89,26315789",267,"30,3",2927,223,219,556,142,101,"104817057,9","1188,58","825501898,2","430140343,5","93507270,57","414640185,6","42239,31","8196489,24","6102791,25",771862514,"524506530,1","98241291,66","53639384,2","615135446,8","71876189,51","554946959,1",144397240,"368292879,1","42256839,9",501109731,"268447206,4","190906135,2","23473136,32","18283253,02","53837228,07","95173968,55","82314727,6","1251054,61",5364935,"4249818,28","1993433,06","49223271,48","0,1884249684","1,287692609",0,271851894,158135380,86125788,9838773,17505423,6714,181,13
Milano Bicocca,2020,985,"50,6",240,"57,8",427,"51,1",142,"51,1",176,"39,1",388,"33,7",740,1219,1361,818,3731,389,7992,6021,35214,11458,27813,"82,50616358","9,846552661",7498,"67,85809549","86,43638304","92,62043999","68,4537246","87,3828857","35,74923858",17328,"55,6","43,8",643,"88,80248834",136,"30,57",888,510,107,0,388,138,"47310363,9","1122,72","404379808,5","189439836,1","43890578,75","187600609,9","196130,65","21567,94","1607607,22","343240563,3",244596493,"52761329,82","61139245,16","225887649,3","5031925,07","255808817,2","62807739,44","172097468,8","20903608,91","243602436,2","136484289,7","93068981,9",12922137,"1127027,53","12206381,02","44130480,88","38195577,39","2149615,75","1651572,19","651070,2","1482645,35","18677258,56","3,942893613","1,346509162",0,127886144,79731740,39487776,464105,8190894,6093,53,5
Milano Politecnico,2020,1475,"49,4",406,"56,5",659,"49,7",123,"52,2",287,"37,4",1045,"30,7",1119,223,2518,1221,4923,888,8253,7757,47532,16231,38222,"89,65613448","3,210602897",12273,"59,11350118","86,9306608","87,55845023","91,11211369",0,"32,21016949",41534,,,1626,"91,08241082",287,"30,52",19,2012,931,0,1157,433,"91957316,56","1832,67","735859484,4","289039208,3","90002899,21","280558629,6","2355012,71","299061,2","5091664,99","647729983,2","388272539,7","69425391,94","88129501,25","611998220,1","110090352,7","513145646,5","154631184,8","341024087,4","17490374,37",399538011,"241126502,7","135762763,2","17987173,74","4661571,27","113607635,6","87656971,08","84675266,92","2789894,5","57125,66",134684,0,"66974213,68","6,052956372","1,46463734",0,205848027,133657252,58191174,727951,13253410,7614,175,5
Modena e Reggio Emilia,2020,801,"52,2",217,59,353,"51,9",125,"52,4",106,39,352,"32,6",629,995,1153,639,2973,212,6814,5364,28323,9548,22696,"77,593361","5,937136205",5180,"66,29343629","87,41312741","93,38993329","72,60168841","91,30434783","35,35705368",19458,"42,5","41,4",455,"77,8021978",119,"32,53",1066,606,39,172,395,46,"43806920,95","1150,23","300874140,2","148202854,7","39022265,22","144959788,6","176896,6","780054,6","2286114,87","270851735,2","178749631,7","30750086,39","30022405,06",145897882,23858940,208277877,54559405,136683978,17034494,181152612,102504908,61236800,6994701,10416203,27125265,38843404,34690848,377416,1785872,1289121,700147,15716001,0,"1,319479512",0,99316952,63588407,29699177,370137,5649956,6800,55,0
Molise,2020,290,"53,2",84,"57,2",126,"54,3",35,"55,6",45,"40,8",36,"36,2",232,69,326,235,765,144,1471,1068,6881,1895,4965,"74,50404115","10,27411168",1157,"53,673293","74,50302506","95,04587156","43,70179949","73,7704918","23,72758621",1780,91,"73,7",122,"84,42622951",26,"32,46",43,169,68,0,224,8,"9739738,64","768,59","72561684,42","36133638,4","7260811,36","36000412,62",0,"53678,38","77547,4","68363059,86","45211051,76","5670220,64","4198624,56","17571949,81","2221984,26","48755546,13","10090773,95","37883214,92","781557,26","44263732,73","33862316,68","7915295,01","1119906,83","1366214,21","4491813,4","8656340,25","6677722,06","17141,61",721110,"1061214,47","179152,11","1434433,7",0,"1,03939673",0,30869778,19508544,8692502,713054,1937811,8182,4,0
Napoli Federico II,2020,2630,"50,8",678,"58,4",975,"51,8",363,54,614,"38,8",380,"34,3",2289,2786,2990,2207,8488,608,17418,14357,77214,23420,54241,"67,9133243","8,046745815",13009,"45,87593205","69,96694596","89,68533045","49,30154143","75,16688919","29,35931559",16777,68,"69,7",1229,"81,52969894",316,"31,41",2790,194,598,518,254,407,"80394879,86","753,64","828525988,4","462421579,9","74271487,58","449400489,7","9381604,08","1937205,54","1553234,47","749924101,4","506502233,3","84953899,73","78601886,98","420677803,7","53343990,96","634528500,7","141309007,7","434938565,3","58280927,75","557496323,5","290570895,8","159566143,3","27977641,81","79381642,51","77032177,25","81212566,37","75108769,11","817686,5","2428542,67","2388424,24","469143,85","60096441,28","4,006188501","1,195846838",0,338143336,209976497,97639389,12270841,17949140,7544,175,8
Napoli L'Orientale,2020,211,"51,9",55,"60,3",93,"51,8",8,"61,4",55,"42,1",37,38,231,38,248,289,671,87,2494,2054,11570,3470,7929,"76,70954638","8,540315674",1996,"44,28857715","70,14028056","90,3192585","39,23611111","71,42857143","54,83412322",7894,"59,9","65,7",108,"91,66666667",14,"30,71",0,0,109,0,0,42,"7251201,03","387,5","69400306,54","44257587,52","5418079,43","42267011,88","1918025,34","29550,3",43000,56575047,"39072692,65","5813076,93","12825259,54","55478904,83","5699034,37","50324526,8","7891491,72","41103473,28","1329561,8","43089136,27","27891471,98","8368945,26","1912242,79","4916476,24","7235390,53","7313301,03","7151017,03",62100,6330,0,93854,"578190,69","11,44007567","1,218523629",0,34390270,22564447,8996108,419599,2399602,5469,0,0
Napoli Parthenope,2020,343,49,98,"56,1",125,"48,6",65,"48,6",55,"37,7",37,"36,8",256,80,379,259,790,50,2790,2330,11263,3671,8074,"73,18212141","10,7688222",2170,"53,77880184","73,4562212","92,1686747","48,14814815","75,38802661","32,85714286",2122,"40,2","56,6",197,"84,26395939",46,"32,3",0,216,82,0,93,22,"8248514,52","585,49","87794045,37","48830457,16","7406558,43","48258733,87","418310,75","20730,25","132682,29","83386712,04","56057200,76","9620776,54","4407333,33","186723905,7","8872347,51","73772872,07","12578320,49","50753184,79","10441366,79","62285680,21","40204846,2","12807593,45","5210348,32","4062892,24","11487191,86","8246245,74","6994952,01","246479,08",0,"814990,65",189824,"4332074,75",0,"1,146375171",0,40400862,25540368,11371853,924208,2541275,6355,6,2
Napoli Vanvitelli,2020,977,"51,2",276,"57,9",360,"51,6",164,"52,4",177,"38,8",215,"34,1",1358,1471,1192,1359,4146,171,4687,3460,22666,6016,16122,"73,7859811","9,844119609",4221,"58,32741057","78,67803838","91,82933631","44,75247525","75,50200803","23,19959058",6957,"56,3","54,5",579,"77,37478411",67,"31,67",1549,75,189,288,67,32,"33047095,78",859,273856669,"171266094,5","25684660,27","167408868,8","2785548,24","170750,36","900927,19","262257706,4","193966816,1","19739179,29","11598962,64","218032496,5","22413639,49","229322512,4","43641995,82","174398704,9","11281811,6","199523071,2","126750535,1","55365786,91","10588999,02","6817750,14","29799441,16","28966727,89","24274365,92","261120,09","2118587,73","2245264,73","67389,42","14675267,93",0,"1,078021865",0,126306999,80822713,34348091,4667548,6351692,8631,41,1
Padova,2020,2315,"50,7",567,"58,1",1067,"51,3",235,"52,6",446,"38,9",972,"32,5",2116,3858,3288,2391,10799,1308,15014,12304,64781,21891,49566,"79,28329571","5,766012829",13544,"54,53337271","83,52776137","91,3108087","64,33649289","87,4083944","27,9775378",52536,"85,9","55,2",1454,0,392,"30,67",2341,827,763,416,586,671,106126375,"1138,76","834219245,4","392168368,2","96176001,36",379057119,"7275844,93","2617220,12","3046633,63",809524245,"522592233,3","89623192,47","24695000,41","407687131,7","13194287,72","579876925,3",146508811,"397881752,6","35486361,67","547068319,9","305053172,9","186286178,8","33868127,08","21860841,07","32808605,42","97632951,12","85039889,93","3706852,96","2993220,04","3608802,02","2284186,17","48875859,88","4,654866456","1,208317548",0,289254145,172048132,97644959,1221503,18308944,7180,267,15
Palermo,2020,1468,"51,6",351,"58,1",590,"51,4",330,"52,1",197,"39,7",81,35,1414,1515,1548,1430,4894,368,10713,8544,42866,13705,33028,"69,64493337","5,464893033",7607,"56,19823846","77,77047456","89,39982084","50,6660746","73,40274491","29,20027248",23357,"62,3","60,8",562,"90,56939502",137,"32,19",1295,63,161,0,32,159,"47032336,21","627,27","433136908,6",260363145,"35052470,64","250955379,5","7321770,14","1105302,74","863662,67","403381782,7","268341582,9","27724221,77","29755125,87","269743113,6","23377897,35","296627834,2","52626740,79","242598441,8","1402651,55","260279979,1","174357789,3","67868269,58","5689479,14","12364441,11","36347855,09","39983841,74","31975730,12","636713,55","1343194,43","4220771,73","1807431,91","12642899,05","0,4982086254","1,135931891",0,190259457,123926483,50715442,6235156,9226142,7697,60,1
Parma,2020,875,"51,6",220,"57,8",397,"51,7",112,55,146,"39,2",178,"32,9",850,707,1053,867,2887,278,6829,5690,28889,10017,22570,"77,65212047","7,989487516",5198,"63,31281262","84,1669873","91,20654397","65,20787746","88,10086682","33,016",17701,"56,5","52,4",448,"87,5",132,"31,05",750,313,253,158,294,133,"36791210,21","1006,5","293133530,2","151782727,6","31527855,4","150636797,5","356314,52","495843,17","285158,41","282598278,3","186841421,2","35444624,09","10535251,96","217313919,5","15510110,38","197919385,5","43245643,56","147122624,3","7551117,67","180790378,8","110574323,2","59015110,42","9003982,79","2196962,41","17129006,72","33267872,47","28179796,66","1768980,06","1100816,38","1711081,61","507197,76","9977771,09","0,706325626","1,186080983",0,115098673,75523364,31475399,688028,7394642,7175,58,0
Pavia,2020,893,"51,9",231,"58,8",359,"52,2",152,54,151,"38,6",263,"32,9",865,1118,1156,886,3915,802,5910,4657,24610,8486,19430,"77,67090855","7,426252347",4721,"67,33742851","86,10463885","92,15039578","64,31852986","88,92645816","27,55991041",14479,"62,5","58,7",504,"82,73809524",162,"30,46",1170,231,745,0,266,445,"39950477,01","1187,37","338693145,8","177136085,4","38938393,03","171781986,4","2668514,06","907403,27","1497139,42","308440646,3","215392494,3","34709549,73","30252499,51","251559232,4","13715492,75",225683845,"58013034,98","147159240,2","20511569,85",205341033,"115795067,8","77551348,22","8779146,53","3215470,43","20342811,98","40253306,55","31722460,21",2793618,"2437286,32","2743790,18","556151,84","17759728,43","0,01346167975","1,292348038",0,118674006,73525365,35387955,1738310,7978819,7472,73,4
Perugia,2020,954,"53,3",177,"60,8",417,"53,6",255,"52,8",105,"40,4",210,"35,8",1025,741,1163,1024,3234,364,7840,6161,26782,9791,20780,"67,71306265","11,06347995",4317,"62,49710447","82,9742877","90,76625574","62,44897959","79,94604317","28,07023061",14410,"61,3","63,3",414,"80,6763285",100,"32,57",743,90,34,124,29,43,"29807340,48","788,78","299391990,7","165100952,9","22965767,59","162181710,6","1644115,24",640447,"605703,58","276162779,4","189429059,3","26366436,60","23229211,34","286237263,5","14962767,94","204225926,2","34677918,78","155708290,8","13839716,59","181264101,2","124205529,9","48310161,68","6895890,79","1852518,76","22961824,98","25741099,73","21591274,3","277212,25","1200213,65","2007190,95","665208,58","8936819,05",0,"1,135839761",0,126203443,77505271,34581421,6886144,7058061,7649,59,4
Perugia Stranieri,2020,55,"53,2",12,"57,4",25,54,9,56,9,"42,4",9,"37,8",169,16,63,170,281,33,201,180,1175,375,975,"80,26315789","7,397260274",249,"75,10040161","90,76305221","92,22222222","51,85185185","80,32786885","21,36363636",2462,82,"55,7",29,"65,51724138",11,"36,55",0,56,0,0,40,0,3708589,"495,39","26978655,59","14790893,03","2018167,44","14394528,53","270269,95","110094,55",16000,"24823414,59","16209180,81","1991415,10",2155241,32093853,2643542,19206941,3798050,15217302,191589,15932137,12215212,2894092,566868,255965,3274804,3641023,731028,92420,0,81573,2736002,157027,0,"1,256078973",0,13551843,10091085,2328229,0,1132529,0,0,0
Piemonte Orientale,2020,390,"51,1",94,59,165,"51,6",60,"50,5",71,"39,8",80,"34,8",287,702,470,310,1640,168,4033,3490,14239,4846,11369,"64,53732913","7,677000419",2117,"64,52527161","85,02598016","94,07370518","64,55696203","89,53488372","36,48717949",4497,,,169,"79,28994083",28,"30,75",516,149,29,0,94,46,"22121908,67","1080,51",129554580,"75868175,29","15470467,25","73810551,65","1374304,18","271839,95","408279,51","120167613,8","83851589,2","17944511,81","9386966,23","116622002,4","14321051,1","105788135,8","25537200,98","75847518,88","4403415,95","88767287,62","45633213,36","30068233,58","6565178,37","6500662,31","17020848,19","20189572,51","17353805,63","517983,81","435057,95","1448554,03","434171,09","5347628,47",0,"1,405353635",0,54366808,34873620,15624658,195458,3668174,7326,23,1
Pisa,2020,1514,"51,9",423,"58,6",658,"52,1",170,55,263,"38,9",430,"33,2",1570,1277,1943,1634,6094,1335,9863,7337,45748,13496,29365,"69,05638442","14,34867925",7591,"41,91806086","68,0411013","89,61725221","61,34852802","85,26834611","30,21664465",13043,"77,3","61,4",845,"81,65680473",198,"30,92",1153,635,604,0,529,482,56410969,"835,29","520215877,4","247304577,2","50655668,19","242157001,8","4314506,38","150764,25","534945,49","505129333,2","324961763,6","49267020,49","15086544,17",452336227,4055761,353867347,84334238,238058348,31474761,336542310,205506132,100326933,13342472,17366773,17325037,53276971,44387919,3541982,1661559,2588596,1096915,31057267,"7,882592212","1,075869181",0,190986847,115031629,57765500,5891171,12150932,7166,161,6
Reggio Calabria,2020,268,"52,9",44,"59,9",97,"54,7",91,"53,2",36,39,58,36,169,50,326,168,565,37,1051,804,4921,1259,3162,"74,3718593","14,01451703",748,"31,01604278","57,0855615","89,56521739","35,88850174","68,12865497","18,3619403",1612,,,100,83,36,31,34,0,0,0,0,46,"6136671,03","625,67","58368233,48","36940365,13","5225491,04","36927765,08",0,0,"12600,05","54783163,35","44525539,52","4450557,40","3585070,13","72555453,26","718358,1","54000222,82","9192775,17","42298752,16","2508695,49","49172969,96","30586560,58","13401638,4","2417489,78","2767281,2","4827252,86","5456312,01","4665647,15",0,0,0,"790664,86","3736463,16",0,"1,067576213",0,27745573,15737224,8635857,1402508,1934841,8504,12,0
Roma Foro Italico,2020,64,"52,8",13,"60,5",28,"52,5",17,"50,9",6,"42,8",9,"32,6",106,4,73,106,192,10,598,453,2198,838,1825,"82,20588235","8,242950108",567,"70,01763668","85,89065256","89,05660377","77,88461538","84,76190476","34,34375",925,"43,5","57,3",31,"87,09677419",10,"31,7",0,0,0,0,0,7,"3723532,92","796,59","22301487,47","14554440,46","2351967,41",14495934,0,"9070,3","49436,16","20618567,81","15652733,03","3400694,82","1682919,66","22932071,54","2344887,68","18916037,51","3857225,63","15022001,93","36809,95","15451390,35","10502859,79","4119066,97","509087,27","320376,32","3464647,16","3357364,92","2119929,79",0,0,"394465,7","842969,43","499860,71",0,"1,280461969",0,13038032,9606189,2338266,0,1093577,0,3,0
Roma La Sapienza,2020,3340,"53,7",746,"59,4",1483,"53,5",620,"57,7",491,"40,4",854,"34,9",3680,2305,4178,3682,10624,480,23906,18349,105967,33878,77350,"73,93351093","10,51004214",18099,"45,62683021","76,24730648","89,35562563","58,23731554","81,60164271","31,7254491",44942,"66,2","71,3",2936,"79,42779292",906,"33,24",3378,645,1916,742,826,1327,"118531194,8","853,14",1308669455,"632163651,5","110926383,6","610093644,7","17582405,79","2310340,49","2130105,28",1123592194,"680793004,9","82653893,53","185077261,5","836979215,3",140229721,"796547424,2",157588532,"618578440,5","20380451,63","689506181,5","448496992,3","195723957,4","26570792,45","18714439,3","107041242,7","121708553,2","105387928,3","6113277,37","4149265,44","4789517,97","1268564,09","35879978,89","0,4429125575","1,198402904",0,463877458,299645306,127707479,11545967,24689398,7315,207,14
Roma Tor Vergata,2020,1273,"54,1",305,"59,8",449,"54,5",374,"54,2",145,"40,4",269,"35,3",943,963,1542,1001,3850,635,7006,5206,28356,9755,21040,"70,38905856","9,133675141",5321,"58,46645367","79,83461755","90,75975359","60,12820513","85,7958601","22,27494108",15822,"92,8","56,8",1149,"73,10704961",300,"33,13",1185,609,998,173,352,625,"36574813,94","912,4","353148425,9","213742773,4","35728500,32","209005538,7","2317108,42","734758,4","1660959,45","352174498,1","266620645,1","42380309,65","973927,71","109448327,4","9218449,6","296841682,5","60572717,66","216704275,5","19564689,4","274770616,8","167652202,8","81215249,99","18652527,08","7250636,91","22071065,7","38965128,78","28869126,84","5629584,8","1742293,3","2009540,26","714583,58","21607588,88","11,70538429","1,0598476",0,144769176,86163101,45881191,4380073,8235059,7151,76,2
Roma Tre,2020,893,"51,7",309,"58,6",355,"50,8",76,"51,1",153,"40,1",195,34,696,316,1088,695,2371,261,8436,6626,32853,11122,24018,"67,30455076","8,592228508",5735,"44,62074978","74,3853531","91,2874368","53,02158273","78,45404747","36,78947368",21252,"57,7","49,5",491,"84,52138493",146,"31,38",0,0,29,0,164,177,"31620783,3","764,78","278841837,8","142277666,8","32240900,95",140158978,"1794131,47","155851,66","151845,71","262276863,9","160468806,6","28590210,29","16564973,89","258732371,3","3503547,41","187921461,5","37225054,14","147987810,3","2708597,06","178190455,3","110676939,4","42766735,63","16804010,27","7942769,98","9731006,26","32902869,69","28450725,95","1541706,48","451038,08","1799462,53","659936,65","4322184,45","8,434365485","1,201320452",0,115529234,71320149,32874414,4285505,6941784,5667,30,1
Salento,2020,617,51,109,"58,3",234,"52,8",174,"50,2",100,"40,1",128,"34,9",511,93,745,513,1456,121,4947,3913,18584,6037,13200,"67,42773356","11,64556962",2707,"53,89730329","75,80347248","92,88343558","43,82022472","67,74193548","30,13290113",7593,"63,9","37,4",257,"86,38132296",81,"32,65",80,16,112,0,0,59,"12529212,88","440,02","140063446,8","87251757,49","8857295,09","85449543,93","961402,64",0,"839610,92","129897825,3","97201737,82","14459687,94","10165621,45","87397575,19","8748138,13","114408438,6","18737708,43","93320123,52","2350606,66","100979871,7","69383940,95","19910251,06","6472908,62","5212771,1","13428566,88","9847891,12","8096717,64",243395,"41543,5","1325044,49","141190,49","8889817,31",0,"1,089341796",0,72488665,44887290,19595307,3269060,4655095,6651,26,3
Salerno,2020,976,"51,4",259,"58,8",444,51,126,"51,9",147,"39,2",223,"34,8",651,566,1201,652,2673,265,7086,5819,35591,9178,23812,"76,91304915","8,953251265",5828,"50,73781743","73,67879204","92,7800521","52,95663601","71,67286245","36,47028689",12942,"79,8","43,6",516,"77,90697674",111,"32,04",353,35,96,0,52,113,"29653356,71","643,18","282083292,3","155277368,9","27430248,63","151119105,1","3593344,61","260926,15",303993,"262246015,7","181204560,8","29463175,36","19837276,65","216805661,2","10646684,5","207522137,7","41930810,82","151693504,1","13897822,82","187606970,7",114777456,"47708639,81","12627159,75","12493715,15","19915166,96","29124531,94","25014113,42","400759,21",275805,"1931114,29","1502740,02","12806278,88",0,"1,268791338",0,128669140,85359414,35771660,447490,7079363,7015,54,0
Sannio,2020,198,"50,8",43,"57,4",85,"51,9",46,"49,2",24,38,42,"35,7",149,54,240,146,509,75,944,828,4182,1197,2657,"60,64139942","10,54937647",791,"41,59292035","63,84323641","92,08211144","43,9516129","69,6969697","21,12121212",1426,"65,8","47,8",124,75,18,"31,78",0,0,0,0,0,0,"3770157,31","661,87","49405276,86",29631096,"3276017,26","29081327,03",464056,0,"85712,97","51119113,3","31548331,73","4482026,35","-1713836,44","17652317,76","4038961,55","39222471,02","9515229,09","28031025,82","1676216,11","33687559,31","23796043,53","6536096,71","2123386,78","1232032,29","5534911,71","3791834,17","3248874,3","21676,86",0,"475470,43","45812,58","5723394,92",0,"1,106191404",0,22392719,13226755,7093688,288901,1776136,8707,11,1
Sassari,2020,585,53,125,"59,6",273,"54,2",86,"53,4",101,"41,1",51,"38,9",505,606,636,527,1918,198,3511,2369,13699,4387,9672,"65,08463326","12,41142366",2334,"57,11225364","75,70694087","90,0752587","50,82568807","71,01449275","23,41709402",12749,"54,4","65,6",224,"89,73214286",55,"34,64",696,0,10,0,28,118,"11058321,58","434,04","189716931,7","111460610,4","8734499,71",108252731,"2607510,88",582973,"14120,48",176016653,116060346,"15083681,13","13700278,73","64655412,47","9591523,46",126136865,"22223627,4","102523897,9","1389339,68","111661003,7","70331908,77","34810738,72","4506811,91","2011544,34","14475861,27","9554771,8","7239500,94","225618,22","637806,32","746717,36","705128,96","12668855,6","1,095733997","1,224915824",0,67168994,40890369,21344166,922866,3988469,8287,12,1
Siena,2020,709,"54,2",168,"60,4",278,"53,8",175,"55,7",88,"40,3",141,"34,6",881,1129,849,883,3427,638,3357,2538,16339,4939,11880,"75,0137893","9,449781659",2905,"54,66437177","77,59036145","92,75045537","55,12552301","82,90909091","23,04372355",9584,"63,2",69,456,"82,01754386",120,"30,96",830,253,318,140,251,255,"24757555,3","1072,91","264545518,8","138562777,9","22653425,36","134709274,3","2247814,84","448185,77","1151861,53","248792615,8","164308268,3","21964100,06",15752903,"35976767,84","12056716,78","175429664,9","35105061,14","136295711,8","4028891,97","156639377,3","98265851,17","48389818,34","6767485,76",3216222,"18790287,63","23641683,84","18761658,02","1387322,52","1804424,28","1014884,41","673394,61","11463377,3","18,07753611","1,085261174",0,102887228,59389382,27475316,9956017,5817045,7886,45,2
Siena Stranieri,2020,61,"49,8",15,"57,4",22,"52,3",4,"50,3",20,"41,3",24,"36,1",104,0,85,130,228,12,573,441,2315,748,1719,"77,11267606","9,439707674",450,"53,77777778","83,33333333","88,53211009",50,"69,44444444","37,98360656",4213,"74,4","69,3",39,"79,48717949",11,"30,45",36,54,13,0,30,3,"5765700,08","887,09","24401876,36","12770926,77","4635768,27","12700538,27","45988,5",0,14400,"23901136,73","16878836,14","3645223,58","500739,63","3319769,66","20851,58","19035772,17","6244039,11","11929090,71","862642,35",17637086,"11046591,62","4287791,08","885675,63","1417027,67","1398686,17","5911960,82","2668839,53","146260,74","58334,72",0,"3038525,83","332078,29","26,39253199","1,100421248",0,9433763,6047854,2300513,0,1085396,0,0,0
Teramo,2020,231,"52,1",55,"57,1",97,"51,8",57,"52,8",22,"38,8",15,"35,3",191,44,246,191,652,178,1315,950,5564,1685,4013,"61,83774834","12,13720317",901,"52,38623751","73,47391787","92,17809868","38,61788618","69,40298507","24,09090909",1756,,,160,"86,875",47,"34,68",183,152,104,0,27,4,"7518131,38","897,21","56631437,11","30426234,64","6655065,44","29911765,04","507881,6",1038,5550,"56139939,69","38150996,66","5909000,86","491497,42","31055292,47","1112258,66","43632673,66","9819586,17","31201305,45","2611782,04","39938728,66","26283041,21","11050263,27","2271058,06","334366,12",3693945,"7024404,74","5401689,76","463861,36","635351,1","360266,52",163236,"2795181,43",0,"1,081886132",0,25409439,16188180,7358968,153012,1705445,7912,5,0
Torino,2020,2056,"50,8",472,"58,3",924,"50,7",318,"52,6",342,"39,4",508,"34,4",1771,2637,2563,1892,7791,810,18793,14507,79373,26096,59576,"76,14687604","11,26324519",14980,"58,91855808","82,02269693","89,24409919","61,12870717","84,49059053","38,61235409",58543,"83,6","64,1",965,"81,34715026",223,"31,47",2241,1238,704,385,718,513,"99788662,95","1002,42",751771070,"366192947,8","86641550,33","354751557,9","6985008,21","2711055,27","1674402,45","706881006,3","474875234,6","85318371,46","44890063,69","557314962,9","41048233,09",492035322,"123144940,1","352213858,6","16676523,32","438952230,9","252511904,9","163331694,6","17420050,22","5688581,18","53083091,1","90191712,26","81083465,22","3695570,39","2346082,48","1697234,78","1369359,39","32953227,87","4,300153465","1,277563639",0,271676130,172177739,82694544,1002218,15776516,6486,105,7
Torino Politecnico,2020,972,49,274,"55,7",413,"49,8",72,"53,4",213,"37,4",558,"31,5",812,447,1528,864,2959,108,5176,5096,33776,10228,23814,"83,38535164","6,269687163",7668,"33,56807512","73,44809598","89,80918142","79,66101695","94,83805668","34,74897119",45441,"69,7","53,3",900,"85,33333333",185,"30,34",0,38,161,0,22,180,"36981153,98","843,58","389467862,1","178912614,4","32245366,51",171859090,"1195813,47","49089,41","5302678,2","385167283,5","239792970,1","45135200,69","4300578,6","331292261,3","208929,37","261585867,4","84465190,1","166863088,2","10257589,08","254094196,7","154707661,9","73773434,38","22683415,7","2929684,69","7491670,68","32321311,12","30394962,46","225919,08","9572,79","1490668,76","200188,03","52143878,98","8,591068462","1,194529464",0,138427085,88853439,39760698,497392,9303093,7741,120,6
Trento,2020,714,"50,2",228,"57,1",301,"50,2",30,"54,9",155,"39,3",356,"32,8",702,561,1069,757,2538,180,3423,3001,17042,5084,13244,"84,85958486","6,872997133",3854,"64,68604048","84,63933576","93,03867403","63,996139","86,53846154","23,87114846",28668,"32,6",74,721,"93,89736477",166,"30,66",0,66,25,0,60,30,24237179,"1129,41","225988075,2","143035237,2","21046936,88","138958090,3","2364916,75","1032495,86","561984,47","212269033,8","169517312,5","38064621,26","13719041,35",149020551,11563283,194130548,46100284,143886547,4143717,179478618,104431589,55305488,17980920,1760621,14651930,21772589,20200950,229420,151207,724881,466131,24327695,0,0,0,3457367,0,0,0,3457367,0,71,7
Trieste,2020,643,"53,9",137,"59,9",304,54,119,56,83,"40,4",144,"34,6",596,528,787,604,2203,326,3834,2956,15985,5114,11998,"77,5659824","9,356355089",3003,"60,07326007","81,81818182","87,85538786","66,03550296","85,42713568","24,84758942",17831,"80,5",55,369,"89,70189702",87,"30,61",632,84,140,100,46,31,"22417441,25","1072,35","215076223,2",128644087,"18410504,21","119910954,9","6739274,09","786972,06","339229,96","209358650,5",137582682,"21202633,39","5717572,73","58173230,09","8498435,47","152904399,4","23389636,21",123196164,"6318599,2","139640127,8","81673245,58","46488521,35","10565234,62","913126,21","13264271,68","20198659,09",0,0,0,0,0,"3190977,12",0,"1,19295914",0,85826451,52340091,23372052,5293796,4687865,7742,40,4
Tuscia,2020,316,"52,7",72,"58,8",136,"54,5",46,"53,4",62,"41,3",66,36,274,164,380,282,998,206,2159,1636,8139,2772,6051,"62,43680485","9,377954245",1554,"56,30630631","79,72972973","93,42756184","55,64202335","77,13004484","25,75632911",3481,,,188,"85,63829787",39,"33,28",0,44,9,0,19,0,"8925555,02","782,99","87742827,11","51482796,6","6701123,97","48499653,74","2595582,8",25840,"355255,07","72312458,02","53000241,89","7281749,16","15430369,09","61504837,28","7546840,4","64500167,21","17015662,54","46503895,88","980608,79","54032277,11","39346643,3","11832895,31","2182499,76","670238,74","10467890,1","7738240,04","6995482,8","6478,07","103243,83","539504,56","93530,78","9277422,5",0,"1,131962101",0,38454834,22696704,12313825,518419,2912896,7388,16,0
Udine,2020,644,"54,2",161,"60,1",268,"53,9",152,"54,2",63,40,178,"34,5",513,482,822,574,2297,379,4064,3121,15541,5128,11968,"71,02455966","8,944560869",3080,"60,45454545","82,37012987","89,3050054","70,39473684","87,80487805","24,13198758",10812,"49,3","55,5",219,"91,78082192",80,"32,24",448,311,83,0,110,36,24870411,"1158,24","191649891,7","98475641,94","21716312,96","97742307,62","632254,42","3706,22",80400,"182011950,8","120211683,5","19258849,22","9637940,89",68371022,5065514,140304131,32846107,102935181,4522843,130682996,81037741,34083945,11994848,3566462,9621135,23275113,19751143,935916,694794,800988,1092272,9570994,"0,0619663629","1,133729748",0,72619407,44367337,22746740,1234392,4240008,7512,29,0
Urbino,2020,326,"54,4",79,"59,5",132,"54,3",69,"56,8",46,"42,6",75,"37,2",367,60,401,405,1149,381,3430,2890,15174,4765,11507,"75,41721854","8,129685522",2754,"55,51924473","78,54030501","92,74794198","62,31647635","78,26771654","46,55214724",7441,69,"65,5",125,"81,6",35,"33,31",0,283,43,0,188,32,"19651490,44","892,97","106562241,4","54974862,22","16056834,44","54541357,14",38125,"294666,67","99713,41","93107397,37","60646774,45","8723435,09","13454844,03","97685331,4","12454794,82","76114582,6","18683134,14","54810569,59","2620878,87","60621811,65","45016032,47","12168124,4","2039589,84","1398064,94","15492770,95","17348728,1","15126741,82","173521,65",27548,"1159007,86","861908,77","1334406,04","1,703295385","1,247511578",0,48049517,33386337,11859965,148363,2651134,6278,11,1
Venezia Cà Foscari,2020,595,"50,8",159,58,247,"51,2",50,"53,1",139,"40,9",281,"35,1",603,246,872,706,2057,247,4416,3686,21267,7258,16983,"84,34579439","6,805982967",5462,"68,56462834","87,93482241","88,89970789","61,29343629","84,67874794","35,74285714",32933,"74,6",60,349,"92,26361032",89,"31,04",0,417,277,0,334,214,"34115081,17","1261,32",278683220,108701137,"33532383,2","107427787,7","693055,19","71400,28","489383,85","262212213,6","139050575,6","29763629,55","16471006,34","174318422,3","5972912,17","157135166,2","39577349,11","105426307,2","12131509,86","145430381,3","85577345,43","48343461,64","9115342,78","2394231,4","11704784,91","32255020,23",0,0,0,0,0,"7322328,88","4,374589955","1,299945182",0,79549944,46600852,26782846,586004,5565558,5541,17,1
Venezia Iuav,2020,149,"54,5",48,"59,7",69,"53,9",8,61,24,44,103,"33,5",243,117,252,252,794,168,842,696,3998,1478,3310,"88,81064163","4,046013487",1150,"73,47826087","92,95652174","88,15426997","59,12162162","88,98305085","26,83221477",7684,"64,5","31,9",110,"84,54545455",33,"34,85",36,82,87,0,63,84,7821497,"1652,07","68015261,76","35308488,87","7426903,72","33684424,64","1173973,23",0,450091,"64846375,31","44439997,33","10502444,82","3168886,45",64325104,666023,45637993,9937404,33751753,1948836,44046517,27403269,13194144,2392910,1056194,1591476,7913956,6397921,935609,60949,370386,149091,2023448,0,"1,247354019",0,27149922,16569197,6064721,2526926,1925761,8130,3,0
Verona,2020,769,"50,6",179,"58,2",339,"50,9",102,"52,3",149,"39,6",359,"32,8",754,1811,1127,793,4349,716,6452,4708,24151,8996,19213,"78,7492762","7,815083302",5187,"63,31212647","84,61538462","89,46306015","70,89627392","87,35135135","31,40572172",22503,"75,9","55,6",398,"82,16080402",103,"31,62",1673,771,182,318,306,45,33084287,"1065,47","322293262,9","176205932,1","32856328,42","172411857,7","67351,71","93104,7","3494167,96","307317099,7","216582827,2","31360706,23","14976163,28",173633999,3084285,233577464,49919985,157935129,25722350,222775915,115867802,95083744,11584182,240187,10801549,31016231,24893988,2551835,2106440,748696,715272,18903754,"4,260802642","1,2119664",0,97495472,57803322,32243127,616014,6817574,6179,39,1
Bari,2021,1511,"51,4",290,"58,4",591,"52,5",332,"53,8",298,"39,5",179,"34,6",1287,2066,1684,1296,5458,512,9657,7253,41510,11797,28709,"66,8927048","10,73139891",7576,"52,94350581","73,74604013","88,71728872","56,91876751","76,8010575","27,46988749",9153,"70,2","62,9",746,"93,02949062",166,"32,89",1999,119,231,251,85,206,43244391,"648,41","397096087,3","259278322,5",37260173,"256842775,6","619019,01","251153,99","922743,3","359476350,1","280032212,1","34380329,41","37619737,23",316453536,35266066,316875267,53617839,255901495,7355933,273309978,174464053,82596920,10591418,5657587,43565289,37323091,28377202,846480,2679559,2938391,2481459,16294748,0,"1,235339254",211538008,187733316,113762312,57010351,5495919,11205078,6798,58,3
Bari Politecnico,2021,329,"49,7",91,"56,2",128,"51,3",24,"53,7",86,"39,2",110,"33,1",234,155,439,250,942,108,1932,1888,10046,2780,6850,"80,27210884","12,42329197",1946,"57,65673176","79,75334018","90,64200218","78,57142857","92,76859504","30,53495441",6169,"59,7","45,6",262,"82,82442748",44,"31,34",14,0,25,0,0,3,"9108448,9","658,69","105257871,2","55546848,1","8014302,92","54808500,17",0,5000,"733347,93","96304921,07","65274923,8","13009717,67","8952950,16","71954482,48","3172029,54","78263610,14","18307223,97","59405936,84","550449,33","72379782,18","40248358,17","18149144,72","6263981,04","7718298,25","5883827,96","7394998,66","6701007,26",48446,"31729,94",552940,"60875,46","10912225,31",0,"1,39502371",53220103,45026271,27714045,14040166,0,3435399,8195,27,3
Basilicata,2021,313,"54,5",52,"61,5",137,"55,7",85,"54,3",39,"41,5",30,"37,2",244,76,347,244,777,94,1172,877,6044,1392,3628,"69,39182453","15,04749568",881,"38,47900114","63,22360953","91,15384615","60,94420601","84,65608466","19,30031949",1880,"75,1","71,6",130,"84,61538462",34,"32,32",36,0,0,0,0,0,"6418626,96","710,5","74334303,84","49007404,9","6319900,49","48627496,96",265442,"102225,8","10230,14","66488593,44","51176906,19","8489370,13","7845710,4","49136489,9","369959,61","58283777,63","9110053,45","48444393,09","729331,09","55143934,71","37698934,23","11984016,36","4440953,77","1020030,35","3139842,92","6465626,96","4724099,5",47000,"72821,84","1621705,62",0,"2644426,49",0,"1,344972606",37969480,32084548,18331869,10670068,232444,2839185,8600,10,0
Bergamo,2021,407,"49,9",112,"56,9",163,"50,1",43,52,89,"39,7",85,"33,8",262,98,491,263,1123,311,4916,4035,21160,6679,16401,"73,82550336","9,81746086",4774,"68,91495601","87,22245496","93,14823108","69,28406467","89,32038835","51,99262899",11646,74,"53,4",154,"85,06493506",63,"32,08",0,133,83,0,153,99,"27140777,84","766,25","137770870,2","76795648,45","18878653,51","76191413,45",1000,0,603235,"116359121,2","76431102,56","18510989,60","21411748,93","183233268,2","35132107,21","116107507,4","27065612,83","79094613,27","9947281,27","78352231,51","48995370,72","22649115,3","3005421,17","3702324,32","37755275,86","24163018,38","21399982,29","810052,55","704200,83","585394,7","663388,01","2902594,45","2,245312512","1,540059298",74057374,62651102,42041340,17394472,0,5042539,5478,6,0
Bologna,2021,2997,"50,8",822,"57,4",1351,51,253,"55,5",571,"38,8",1216,"32,4",2924,2984,4211,2994,11127,1022,19121,15414,87140,29413,70124,"84,59895288","7,025552143",19913,"69,02023804","87,70150153","91,27963102","65,5269651","85,33906399","29,07474141",87985,"53,9","48,7",2046,"96,72531769",439,"31,53",2548,1492,595,282,1520,513,"138855059,2","1265,3",1106471466,"528632694,2","127880846,1","509802625,9","11943100,08","3032420,13","3257249,64",1064016488,"707263320,7","120810670,89","42454977,7","364216612,9","85454493,52","796766536,2",231597568,534410768,"30758200,21","687379992,8","384012982,5","233997912,6","23126585,32","46242512,33","109386543,5","132888794,4","109488567,8","7935315,44","3222587,98","10635739,62","1606583,55","98708773,56","4,43064034","1,261354331",466414695,392876696,229025517,137566769,1609539,24598828,6586,182,9
Brescia,2021,619,"50,7",193,"57,3",227,"50,7",81,"52,5",118,"38,7",133,"33,6",486,1407,752,497,3055,506,4071,3214,15582,4879,11959,"71,52917505","10,95428884",2789,"60,6669057","82,07242739","89,87915408","80,8801214","91,04204753","25,17124394",4563,"75,4","60,7",280,"82,5",68,"32,29",1210,19,90,122,13,27,22737330,"1141,02","199513212,3","106728139,1","21120854,71","105487425,8","73519,75",0,"1129787,64","201137448,6","139664053,5","19800563,60","-1624236,25",168119604,6138608,146504377,28956541,112900018,4647818,136037733,72937201,53234251,7204105,2662176,10466644,20800533,18205186,235163,1287766,887147,185271,8156008,"0,09021886571","1,232317163",84624404,72942703,43787992,23621294,269792,5250879,7375,47,2
Cagliari,2021,1006,"51,2",209,"58,6",430,52,163,"54,9",204,"38,8",125,"35,7",863,1518,1130,886,3708,203,5693,4068,25002,6847,15796,"64,20798065","12,47219751",3677,"45,49904814","68,42534675","87,86940614","63,2196162","77,90973872","24,84691849",11427,"57,5","33,2",309,"83,81877023",107,"32,41",1144,0,108,85,0,70,"22083269,27","587,51",307369830,"173961067,7","16955428,45","169172370,3","1884820,49","1801943,43","1030047,73","303587058,2","197205415,7","33092632,15","3782771,79","190398874,4","21242777,14","231433035,9","29140726,87","182831232,2","19461076,82","202948355,2","120784251,5","65124236,97","10352876,7","6686990,01","28484680,74","19748405,69","17041472,34","91076,38","1173251,95","1239209,82","203395,2","9392321,18",0,"1,217945658",132130963,115880252,67190271,36464663,4638097,7368093,7572,44,1
Calabria,2021,798,"51,9",148,"59,7",336,"52,2",206,"52,3",108,"39,3",165,"35,1",586,191,934,619,1976,327,4593,4101,23932,6129,15003,"73,06908687","11,58429822",3972,"37,31117825","67,47230614","94,11921235","58,16767502","76,47058824","29,9924812",4176,"38,1","66,4",282,"92,90780142",82,32,25,61,263,0,86,220,"19447065,2","503,19","250044393,3","140484991,7","16520347,12","139565210,2","209064,98","180745,04","455830,9",240652370,"162183455,7","30516966,34","9392023,26","127845257,3","23267850,09","204963605,7","30109119,87","145831941,6","29022544,2","175362087,2","94619261,07","57791828,65","18792887,3","4158110,17","29601518,49","18430347,15","13209163,62","686414,92",66001,"2094442,76","2374324,85","11678772,72",0,"1,196269355",116749391,100238874,60457731,32682974,372499,6708071,6984,39,0
Camerino,2021,281,"54,4",73,"58,4",122,"54,2",55,57,31,"41,5",77,"34,9",253,138,358,263,911,142,1463,1048,6049,1691,4314,"67,30769231","14,39796626",928,"53,23275862","73,06034483","95,54513482","62,65060241","86,89956332","21,52313167",2317,"53,7","44,2",224,"86,60714286",32,"32,47",167,58,429,0,17,296,"6329151,77","770,36","114162835,1","44539373,83","6586346,49","42939114,32","1240780,97","13460,6","346017,94",104245243,"59899965,78","11607471,58","9917592,1","50116575,84","1135742,08","66511696,66","11399089,82","49407295,55","5705311,29","63086588,73","38289835,01","17777416,05","6045610,52","973727,15","3425107,93","6597064,02","3873060,61","1435884,25","365264,68","637032,93","285821,55","4802025,8","5,130178913","1,108675254",44386588,38270449,22960848,10168518,2256741,2777722,9142,16,0
Cassino,2021,258,53,68,59,90,"52,1",70,"52,9",30,"42,1",30,"34,6",261,38,287,262,826,248,1496,1266,7309,2202,5563,"73,23775388","11,55335628",1380,"59,05797101","80,07246377","94,90229397","61,45833333","79,9270073","28,33333333",2029,,,118,"78,81355932",31,"32,84",0,957,655,0,95,67,11054686,"584,58",105109743,"34903443,46","14300215,53","34485275,03","112287,81","1390,2","303990,42","102821903,5","47138436,13","4870055,79","2287839,48",-33329467,4651678,54253328,14946481,36823999,2482848,48050868,34353047,9485079,2249728,1963014,6202460,12178794,3931572,1331100,0,986668,5929454,2767687,0,"1,187171295",35952275,31168607,17745302,10232002,537301,2628617,6565,10,1
Catania,2021,1175,"53,3",311,59,544,"52,6",179,"55,4",141,"40,5",221,36,1123,1570,1395,1128,4561,539,8449,7046,38798,10633,24690,"66,77286136","11,93335497",6186,"35,25703201","64,87229227","90,2613677","62,18049035","79,16331456","33,02042553",8573,"41,9","43,2",564,"88,82978723",136,"31,99",1318,121,196,183,182,318,"37914457,66","539,06",365971746,"203601818,1","29614998,42","202502001,8","582500,66","195032,02","289503,6","351925422,4","230464917,3","29921648,02","14046323,62","397111538,9","19615523,23","272539167,2","43904151,66","214904310,6","13730704,92","242054243,4","149428507,2","71079767,65","9292122,42","12253846,19","30484923,8","31327656,61","22829732,75",649724,"1192416,93","2246053,38","4409729,55","12576495,05",0,"1,191770115","187173797,9",167145235,104684524,46643992,5424506,10135931,7691,77,1
Catanzaro,2021,293,50,97,"57,2",105,"48,6",27,"54,1",64,"39,5",66,"35,2",183,791,359,183,1495,164,2569,1712,11264,2977,7843,"67,87307883","10,42372881",1642,"52,86236297","74,96954933","93,72892785","52,88220551","66,34920635","38,44709898",1158,94,"76,4",194,"87,62886598",46,"33,35",761,47,108,0,36,69,12244539,"545,93","127043807,3","76106389,09","8687556,56","75341231,74","98848,2",0,"666309,15","118305807,9","75474577,65","19605348,94","8737999,4",83996534,9925293,105547002,14423674,70367819,20755509,93651234,38713581,43032630,9480931,2424092,11895768,10226093,7408890,83338,2076755,499909,157201,4197581,"0,09880945096","1,623743214",55419456,48018864,31609716,13943862,0,3253845,8334,10,0
Chieti e Pescara,2021,715,"52,6",219,"57,8",275,"52,7",101,54,120,"41,7",120,"36,3",349,814,833,349,2190,190,5015,3650,22091,6471,15960,"73,07532251","10,16464306",4576,"56,53409091","78,4527972","89,71151391","62,00716846","79,12621359","30,8979021",6040,"65,4","68,8",340,"95,29411765",81,"32,91",655,32,129,73,62,119,16961341,"650,4","214988418,1","120503952,6","16614258,56","119976129,3","32753,44",0,"495069,87","215512076,4","151418097,6","38873767,49","-523658,27",219520076,2803164,160520275,22900531,124885035,12734709,152241690,84938004,58742448,6307715,2253523,8278585,17116829,14810344,155488,561283,1446179,143535,5783702,0,"1,402148218",115695597,99207492,60407320,28651412,3312927,6679313,6699,28,0
Ferrara,2021,690,"51,4",190,"58,4",282,"52,4",57,"56,1",161,"39,9",174,"34,5",517,1203,863,519,2898,303,8348,6493,27335,9542,23004,"69,61602671","7,409211452",4664,"71,61234991","89,25814751","90,47511822","72,19003476","86,83431953","39,61594203",8351,"58,5","66,3",411,"87,59124088",103,"32,64",907,189,396,78,157,149,"33649180,42","923,79","243613896,2","121968934,4","28759383,58","120470663,8","462540,57",5810,"1023439,4","218555166,3","142484607,5","23653295,79","25058729,91","229125384,1","31148982,54","177457343,8","38508727,55","131307841,6","7640774,67","141553765,4","79471380,34","52073016,23","5663400,66","4345968,18","35903578,39","29591266,83","25155742,52","992730,39","1279681,78","1348012,53","815099,61","8917460,72",0,"1,501474065",113138147,95708034,61482762,31488481,0,6972381,7094,62,2
Firenze,2021,1721,"52,9",381,"60,1",842,"53,6",165,57,333,"40,8",726,"34,2",1491,3262,2446,1500,7596,375,13295,9954,55318,16914,39349,"70,13018517","13,00469958",9960,"54,19678715","77,23895582","89,20979171","68,04802479","85,8044164","32,14294015",25167,"40,9","60,9",998,"85,37074148",280,"32,4",2093,464,424,255,727,359,"48502823,8","835,25","610922726,8","326411487,5","60762580,9","322707923,9","2817315,48","413985,98","338612,9","605186380,9","395611606,6","70270103,66","5736345,95",888673824,"22776193,04","423814665,8","88225537,38",319794436,"15794692,44","388278669,6",222930334,132073963,"17485214,06","15789158,52","35535996,21","50460877,02","39769601,53","1958053,19","3449415,65","2805939,24","2477867,41","37764660,36","16,17298977","1,195552618","275611088,8",234828918,139525555,75317145,5846045,13863976,6836,151,7
Foggia,2021,388,51,120,"57,1",141,"50,8",67,"50,5",60,40,39,"36,9",292,718,425,325,1528,78,3760,2797,12397,4482,9560,"65,07374631","9,196551293",2086,"60,54650048","80,63279003","91,90414508","57,54310345","78,86435331","32,01804124",8663,61,"53,9",160,"76,875",18,"32,94",626,99,21,0,1,2,13554551,"515,41","123064265,4","65208255,54","11758015,7","64517078,55","219247,09","339129,9",128300,"110893472,7","75203734,6","9083845,50","12170792,74",60441628,7481784,83054163,12471337,69334306,1248520,74347950,42841684,24356356,5576590,1573320,8706213,11641653,6681992,102719,834376,1227159,2795407,829684,"1,101201574","1,333101471",53697389,45839151,27468334,15745329,0,3551835,7366,10,1
Genova,2021,1307,51,347,58,555,"51,5",140,"54,1",265,"39,4",333,33,1205,1639,1641,1228,5360,835,8477,6160,33086,10782,24547,"69,48497319","12,04731807",5824,"59,64972527","80,54601648","89,09987219","73,75886525","89,53393295","25,3144606",16970,"88,4","56,7",1001,"90,30969031",325,"31,67",1364,477,366,144,205,180,"53140632,36","1192,25","439363990,3","227797778,1","45683739,14","224908005,9","1570993,07","132561,49","1127609,17","426020479,1","289720335,3","39425842,22","13343511,18",375264374,"28883949,43","330509106,6","74503673,35","239572627,1","16432806,15","291524717,6",184400434,"90740165,14","9487291,17","6896827,21","38984389,05","48811861,67","42356820,98","1779538,67",1184114,"1571860,83","1919527,19","25691811,68","1,617868765","1,179794506","197421842,6",171928073,95462840,53836178,11507203,10578192,6951,69,2
Insubria,2021,391,"52,2",93,"58,4",190,"51,9",57,"53,8",51,40,58,34,316,706,445,327,1715,209,3641,2837,12441,4121,10166,"66,81048789","7,239661763",2104,"68,77376426","86,97718631","90,72420635","77,99442897","87,86764706","31,77493606",5435,"62,5",61,213,"84,97652582",67,"32,15",552,78,29,0,64,0,"22948613,14","1646,73","130307838,7","70143197,06","20232205,34","68842358,04","209324,43","739344,33","352170,26","126896892,3","90016068,91","18900534,89","3410946,43","99478573,71","8449172,67","97959534,22","24016396,4","68942568,29","5000569,53","86659862,19","46375211,33","35156417,78","2417186,02","2711047,06","11299672,03","20923517,01","19246911,31","151220,86","978082,69","433213,32","114088,83","3092879,39","0,7413783022","1,369459725",57467086,50799980,30642063,15848669,185430,4115057,6741,25,0
L'Aquila,2021,602,"52,6",184,"58,9",211,"53,5",82,"57,1",125,39,131,"35,1",415,656,733,416,2048,243,3597,2121,16087,4603,11491,"77,13899222","12,65181302",2964,"58,09716599","74,83130904","90,71593533","72,90640394","86,93467337","26,72259136",8308,"58,8","50,9",250,"76,4",68,"32,12",592,162,93,74,204,92,"16253881,86","578,25","168846891,3","101278817,4","10939373,87","98689608,09","2001294,92","106281,43","414183,72","163182462,1","110812786,9","16003041,49","5664429,19","170410510,3","8121593,05","124936284,2","19566961,91","102917324,6","2451997,73","112804369,6","69996541,47","31102666,65","6289950,36","5415211,11","12131914,65","12055036,5","8899637,4","560622,64","609255,92","722118,03","1263402,51","7511925,41",0,"1,243794254",91855714,82057186,47347767,21879556,7547892,4925369,7399,39,2
Macerata,2021,277,52,74,"56,9",119,"51,4",51,"52,7",33,"42,5",33,"34,7",269,48,310,284,856,194,2340,1599,10038,3244,7707,"72,1349353","8,196480938",2119,"65,64417178","84,09627183","91,83246073","66,27118644","79,69151671","36,23826715",8931,"58,3","67,6",106,"88,67924528",38,"32,71",104,18,110,0,63,92,"10734814,56","661,31","83616837,68","45138447,88","9418072,3","44991846,5","41978,45","92522,93",12100,"79928462,63","50759845,1","8970512,13","3688375,05","74890806,53","6091924,37","58842939,04","11274439,14","45408045,74","2160454,16","49652596,76","35629918,98","11446961,27","1843172,95","732543,56","9190342,28","9419410,3","7242737,38","315703,74","1216405,4",490040,"154523,78","1855028,84","6,66939959","1,209099853","46164921,19",38636654,22828412,11436611,1293984,3016512,5521,1,0
Marche Politecnica,2021,592,"51,3",176,"58,7",233,"51,2",64,54,119,"39,3",227,"32,1",520,1092,819,555,2717,271,3524,2696,15070,4671,10845,"70,96688034","10,75156576",2850,"54,70175439","80,70175439","92,42565056","75,87131367","93,88379205","25,44594595",7869,"78,4","56,5",347,"82,70893372",109,"32,72",812,80,93,81,63,93,"17066077,46","839,54","210935545,9","113555426,9","14121611,22","112683060,8","568087,86",75000,"223078,19","217901156,3","143891548,8","22323578,22","-6965610,35",118159203,1012012,143399386,29294013,110404417,3700956,137873259,80328018,45743946,7085365,4715930,5526127,14828024,"12742143,16","551384,3","753232,58","594598,58","186665,1",14465989,0,"1,156600858",94175467,77685238,46583494,24286892,1212095,5545491,8064,30,0
Messina,2021,1103,"51,3",285,"57,8",403,"51,9",192,"55,4",223,"38,6",73,"35,3",860,1241,1171,862,3348,108,6404,4654,23620,7575,16448,"60,11560694","10,08207033",3727,"50,7646901","72,98094983","90,77586207","50,91743119","74,85172005","21,41251133",6360,,,434,"80,87557604",84,"31,49",1318,34,79,138,154,60,29247014,"504,65","349215131,3","166721397,2","27001937,1","166002866,4","267311,56",0,"447909,27","357812958,6","196478720,7","33999947,49","-8597827,29",336371210,37795747,223008173,35226546,178605969,9175658,198357931,119583495,57504450,10687275,10582711,24650242,25243324,14233827,317724,1994120,1353561,7344092,9983222,"0,7691124093","1,206804501",155877229,142011017,80527100,36816855,16491630,7396284,7897,49,1
Milano,2021,2306,"51,5",653,"58,7",941,"51,2",271,"55,1",441,"39,4",736,"33,3",1973,3802,3036,2035,9818,757,14145,11174,62706,19148,47644,"76,3330946","11,97333273",11659,"64,74826314","83,41195643","89,06933167","66,60274848","88,05031447","27,19297485",29928,"75,1","61,8",1088,"92,27941176",288,"30,34",3540,235,289,354,148,159,"100365377,4","1216,04","834707199,4","420937808,9","92719735,41","415740423,8","162468,41","1025740,69","3494354,47","833482721,8","580270924,2","120413580,80","1224477,57","638889324,7","34217297,29",581851830,"142635491,8","397292184,1","41924154,05","545380337,4","288316400,5","217990059,2","23577251,68","15496626,03","36471492,62","91049776,32","77550295,46","1430032,54",6084631,"4491364,9","1493452,42","51585715,5",0,"1,25322973","331252474,7",284863193,164554908,95665608,6643548,17685253,6389,197,16
Milano Bicocca,2021,1026,"50,5",269,"57,4",436,51,122,"52,2",199,"39,3",418,"33,5",760,1767,1441,814,4393,398,8318,6204,36151,11402,28424,"82,98057093","10,62900641",7586,"70,63010809","86,98919061","92,29080933","71,31552918","89,47001395","35,23196881",18869,"60,4","58,3",689,"90,27576197",157,"31,35",1098,535,141,0,484,141,"50352003,91","1182,75","377620550,6","200997144,6","46316492,74","197742880,3","134231,16",0,"3090747,71","374249774,5","261079347,4","55638441,18","3370776,17","235631438,7","7957409,45","282560380,1","67517253,9","190608870,5","24434255,71","266878123,7","143828119,2","106636587,9","14663698,64","1749717,89","15682256,45","47169061,89","39881256,15","2266617,93","2168927,13","654185,98","2198074,7","20348192,01","3,039673102","1,37722715",169251698,137296259,81501401,45405699,502156,9863279,5955,59,3
Milano Politecnico,2021,1506,"49,5",441,"56,4",660,"49,9",112,53,293,37,1073,"30,6",1122,491,2578,1245,5146,903,8492,7905,48211,16328,38487,"89,94943548","3,984113193",12852,"58,87799564","86,99813259","88,23146944","94,05003381",0,"32,00132802",32889,"73,8","60,1",1872,"92,30769231",302,"30,15",14,1549,782,0,1248,674,"87711119,79","1846,55",789298604,"302419892,7","93132930,89",288372240,"1450181,7","519479,18","11455403,5","715566532,9",429260249,"79234065,58","73732071,14","694081629,4","106304169,6","563188935,1","159709469,8","338969471,1","64509994,21","454369114,8","257874083,2","170932136,7","19912197,28","5650697,66","108819820,4","83954229,67","80532616,2",0,"3348594,55","53678,92",19340,"75755240,17","6,105309366","1,444067",256228755,219791047,138280682,67011369,784037,13677917,7566,185,6
Modena e Reggio Emilia,2021,811,"52,4",232,"58,9",381,"51,9",92,"53,7",106,"39,2",359,32,624,1736,1170,644,3725,214,5944,4618,27592,8231,21391,"78,84615385","7,044198895",5528,"66,46164978","87,8617945","90,22721051","78,49056604","91,015625","34,02096178",15777,,,496,"81,65322581",99,"31,97",1374,495,83,165,394,46,"43872096,75","1164,26","314572936,6","148708303,6","36659890,65","147666855,6","146981,92","348898,09","545567,93","290160879,2","195255917,2","33980791,09","24412057,39",162487258,22189006,223054055,57986767,151509804,13557484,198733449,106114841,69175963,7954550,15488095,24320606,39037163,34401673,243359,1961647,1557890,872594,18949604,0,"1,386279089","127402892,8",108504454,66636453,34059285,398496,7391393,6618,62,1
Molise,2021,288,"53,8",91,"58,1",125,"54,4",30,"56,7",42,"40,6",33,"37,5",226,126,321,235,826,136,1514,1052,6827,1913,4963,"74,55113193","12,02242525",1191,"54,65994962","74,22334173","92,64184397",60,"79,23076923","23,71180556",1364,"41,9","55,9",133,"84,96240602",14,"35,93",62,36,0,0,101,30,"8945092,32","803,31","80390884,06","38789035,43","7530843,23","38617549,89",0,"107927,45","44943,09","76546866,52","47734146,68","6132187,17","3844017,54","20911974,32","3158140,39","52316882,94","9801446,92","41539854,98","975581,04","46765674,84","35875538,62","8889576,75","811972,68","1188586,79","5551208,1","7802132,32","5165824,87",0,1383554,"813040,49","439712,96","1999314,6",0,"1,096033128","38329753,1",33064357,19922377,10205923,119409,2811006,8070,5,1
Napoli Federico II,2021,2859,"49,9",745,"58,3",1058,"51,5",258,"55,7",798,"38,1",427,"34,2",2234,3059,3229,2179,9053,558,17372,14158,76299,22577,53237,"68,73143598","9,485306418",13363,"48,37985482","71,66803861","90,17813368","58,25999497","77,82991202","26,64917803",17578,64,"69,5",1487,"82,31338265",309,"31,66",3008,133,533,628,135,463,"71922238,21","752,93","821033558,8","460988109,9","74533957,71","451651239,4","5629394,27","1156069,63","2481804,11",813835856,"548944329,3","98157544,69","7197702,78","437260726,7","18221119,41",631311052,"137578480,9","455969390,3","37763180,85","587872128,2","301347791,1","172819939,5","28771309,14","84933088,47","43438923,77","74397987,44","63928917,43","2475749,2","5964613,97","1397942,13","630764,71","63180493,42","3,366773554","1,225125881","406724167,6",354268811,209770063,110590959,11576442,21784416,7369,169,4
Napoli L'Orientale,2021,223,"51,6",66,"59,3",89,"51,3",5,63,63,"43,1",41,39,217,35,264,275,660,93,2238,1761,11144,3057,7406,"71,66866747","10,17260375",2083,"49,25588094","73,01968315","91,76654508","54,95978552","75,61837456","49,97309417",7450,"92,5","60,9",111,"82,88288288",11,"34,55",0,0,43,0,0,105,"5277797,19","403,7","69846929,5","43981078,53","5249004,81","42379523,54","1531244,4","70310,59",0,61020931,"41998670,27","5979760,55","8825998,5","65796199,49","10317294,66","54072084,84","6754202,36","42807812,59","4510069,89","42562410,95","28703048,39","9151633,6","1945832,86","2761896,1","11509673,89","5416827,19","5075035,22",139030,5550,"61765,97",135446,"1337375,17","9,652630669","1,29767329",43348257,37320859,23164353,10737730,125632,3287208,5406,0,1
Napoli Parthenope,2021,343,"49,5",102,"56,6",128,"48,8",59,"49,8",54,"37,1",34,"36,3",248,51,372,253,726,67,2978,2396,11491,3822,8518,"72,57161673","11,23313046",2229,"55,58546433","73,93449978","93,48346909","55,15267176","79,09319899","33,51020408",3264,"55,3","48,7",241,"87,55186722",54,"33,76",12,177,23,0,118,32,"8396452,37","567,46","93208176,73","52090448,09","7818607,43","51711988,92","132874,23",0,"245584,94","90911901,37","62756162,5","13629044,14","2296275,36","186927774,7","1660078,52","69303665,99","12440373,99","53226459,65","3636832,35","65048255,29","40417757,11","14616320,15","5209271,39","4804906,64","4255410,7","8333527,69","7173565,92","194905,32",12000,"670704,45",282352,"4106846,3",0,"1,244584525","51325630,52",43049678,25170652,12581685,1409674,3821067,6209,9,0
Napoli Vanvitelli,2021,970,"51,5",276,"58,1",385,"51,2",144,"53,5",165,"39,2",212,"34,6",1283,1673,1180,1280,4273,175,4778,3488,22458,5863,16014,"72,81598513","10,95223421",3855,"56,34241245","76,6536965","90,37463977","59,5715273","77,55102041","23,15154639",7060,"62,1","39,3",686,"78,71720117",147,"32,4",1916,62,192,0,60,33,"30195151,15","880,94","291531164,5","187395393,7","24278135,48","184967607,5","1526022,91","221801,68","679411,35","300907526,8","222560401,3","23836402,58","-9376362,25","228686698,6","10654202,13","234833152,9","39508081,36","188393150,3","6931921,25","217950349,6","131487052,9","69590712,32","10703778,9","6168805,51","16882803,29","25801069,67","21338264,65","16718,57","2560610,3","1793076,15",92400,"13707011,69",0,"1,110888281",147051044,132136675,77185208,38106475,8227884,8228380,8360,41,2
Padova,2021,2374,"50,6",599,"57,9",1099,"51,3",199,"53,9",477,"38,7",898,"32,6",2168,5591,3272,2432,12603,1185,15787,12792,68321,23297,52793,"79,70748556","6,181528451",13789,"54,56523316","84,16128798","90,63920024","69,5640327","88,79907621","28,7767481",46637,"77,9","45,8",1640,"92,56097561",415,"30,4",2823,902,956,0,742,731,"117773259,7","1180,99","875323386,7","384576457,1","97795554,07",369729714,"4869164,4","6098989,33","3440962,38","885661343,9","574122792,2","99241075,42","-10337957,25","412754875,8","5067744,09","624436038,1","147027813,9","431827421,6","45580802,7","598100510,2","319745083,4","218646199,1","44950873,57","14758354,21","26335527,87","98455894,87","84068416,94","4722013,37","3567151,18","3436775,22","2661538,16","48571918,99","4,187949832","1,246006391","364473193,8",305240134,176585513,107775491,1260980,19558575,7014,277,8
Palermo,2021,1565,"50,8",372,"57,4",604,"51,6",284,"53,2",305,"38,8",84,"35,2",1361,1990,1648,1393,5367,580,10486,8208,42560,12989,32280,"70,77070369","6,092074553",7466,"59,12135012","79,64103938","88,80361174","59,62732919","77,08206687","27,1942492",24561,"64,2","52,3",747,"91,56626506",144,"31,93",1513,43,176,0,0,220,"45292781,16","625,03","433604697,8","253718048,7","40646182,02","244723462,4","6913420,66","714376,59","1351789,05","421531894,6","280144235,8","31520652,01","12072803,14","294736510,5","24720626,32","315777331,9","54169910,2","260412882,7","1194538,96",279757116,"185430640,3","79990240,58","9017155,38","5319079,68","36020215,91","37723093,03","28471925,11","506622,76","1531502,02","3976903,02","3236140,12","16446817,17","0,3409895822","1,187890681",224842012,198398772,123180468,58567882,5450420,10942496,7420,66,2
Parma,2021,947,51,241,"57,6",408,"51,8",96,"56,5",202,"38,8",154,33,840,1114,1101,870,3361,306,7347,6015,30158,10079,23371,"74,46569179","8,860447945",5512,"65,96516691","85,01451379","91,07344633","66,44518272","87,25490196","31,84582893",15348,"52,2","69,4",498,"92,57028112",126,"31,33",932,462,312,88,304,262,"40113647,67","1036,68","309499712,7","157326362,9","34418279,76","155595737,9","607378,62","215076,56","325938,85","304916730,8","198610362,7","38961827,80","4582981,92","229384890,5","11542073,08","215365049,2","49308300,33","157549876,9","8506871,96",198995709,"117473620,5","68385438,13","9736465,76","3400184,58","16369340,23","36279181,91","30555639,85","1789607,3","1209288,7","1597399,61","1127246,45","13029118,42","0,470881084","1,233974045",141426041,123625207,77722924,37218443,435458,8227809,7009,59,0
Pavia,2021,901,"51,7",245,58,358,"52,1",133,"54,8",165,"38,8",244,"33,2",853,1721,1145,880,4535,865,6159,4758,25377,8706,19788,"78,40501792","8,60784542",4969,"67,41799155","86,31515395","91,84226998","68,24324324","87,84246575","28,16981132",13015,"62,6","73,6",599,"86,31051753",159,"30,57",1372,327,777,0,239,524,"39426175,92","1200,09","340482727,4","176994033,6","36674697,6","172796667,8","1123046,05","1154503,36","1681490,42","338438249,7","231280884,5","38285026,30","2044477,69",273946289,"20908406,6","251080695,1","62673312,98","179437500,8","8969881,28","223616376,3","120175595,3","90580228,81","10367976,59","2492575,65","27464318,74","40240232,29",30509248,3116748,"2402056,42","3148294,05","1063885,82","22433080,69","0,01288337898","1,30205045",147978471,124598073,74123522,41790617,524671,8134475,7321,88,5
Perugia,2021,960,"53,4",172,"61,5",455,"53,2",236,"53,6",97,"39,8",196,36,989,1135,1156,990,3639,383,7696,5964,27896,9272,21275,"65,68791946","12,03708638",4385,"63,26111745","83,6031927","90,47731569","68,82898062","82,94849023","29,04895833",10772,,,447,"85,23489933",97,"32,75",853,13,35,76,68,36,"30663058,52","806,75","307881388,1","168862139,9","24432056,28","167813176,4","63052,4","441713,55","526177,24","289815646,3","197881363,5","29178051,72","18065741,77","297648635,5","11963997,89","211108597,3","35101274,02","160434905,5","15572417,78",192141286,"125059293,7","56741407,63","7961470,8","2379113,88","18967311,32","26568550,06","22234842,22","487719,52","1526766,1","1881621,96","437600,26","8532723,96",0,"1,171850087",152045066,131516104,77040277,37979823,7595954,8541178,7532,62,2
Perugia Stranieri,2021,55,"53,2",13,"57,2",29,"52,6",6,"58,5",7,44,7,"34,1",162,11,61,164,268,19,212,163,1106,389,838,"78,24675325","9,130434783",243,"79,01234568","92,18106996","91,59663866","58,58585859","82,22222222","20,10909091",1936,"81,2","70,9",33,"63,63636364",4,"35,25",0,37,0,0,52,0,3307454,"510,13","28747169,16","15731666,72","1538450,31","15517417,51",34071,"172178,21",8000,"25452572,55","16108577,05","2082822,37","3294596,61",35402261,3413629,19819933,3618109,15935262,266562,15774263,12330669,2620798,609641,213155,4045670,3412555,604221,105101,0,88460,2614773,205554,0,"1,31014681",15239660,14197081,10563342,2612885,0,1020854,10927,0,0
Piemonte Orientale,2021,382,"51,8",91,"59,5",187,"51,5",48,"52,4",56,"39,9",77,34,293,894,459,335,1855,185,4429,3784,14843,5134,11574,"58,86997286","9,771855441",2375,"66,69473684","85,68421053","92,16972878","71,8","88,88888889","38,84031414",3375,"68,7","57,3",243,"82,30452675",38,"31,58",622,272,53,0,189,31,"23011097,28","1059,99","139874309,2","77988996,3","13366025,83","77451427,43",500,47500,"476008,87","124559272,5","88417149,05","18927093,46","15315036,65","132952778,9","17809077,32","116033373,1","27004941,28","84983882,8","4044549,01",95391382,"46997870,83","34881165,77","6641606,2","6870739,2","20641991,09","20849742,92","18513690,89","458525,65","774441,31","709594,13","393490,94","6155198,36",0,"1,43777669",68551853,59439550,36990668,17729544,207437,4502101,7236,24,3
Pisa,2021,1488,52,390,"58,7",692,"52,1",155,"55,8",251,"39,2",506,"33,5",1559,1854,1994,1649,6772,1366,9613,7101,45094,12850,28628,"69,14351129","16,26709234",7708,"46,40633108","70,71873378","89,12716842","68,63592699","87,09869203","30,30443548",10347,"32,4",77,988,"82,59109312",214,"31,15",1351,693,639,0,519,482,51872726,"905,95","504678027,2",240739868,"53449098,25","238055091,9","1825669,7","227864,9","629221,5","534150145,6","345713294,6","55484093,03","-29472118,41",475770609,23434382,375607521,78200508,268731311,28675702,342062678,210020999,106132315,15142217,10767147,33544843,48471696,39893505,3088906,1964675,1805624,1718986,29728812,"6,511239315","1,135470075",228861095,200314127,117290764,61321046,8129251,13188998,7069,168,2
Reggio Calabria,2021,265,"53,9",44,"60,9",105,"54,9",81,"54,8",35,"40,2",56,"35,1",160,58,321,162,578,31,1042,836,4870,1227,3307,"69,51219512","15,50847458",758,"39,18205805","63,19261214","94,12628488","54,41696113","64,83516484","18,37735849",830,,,94,"82,9787234",50,"32,38",25,0,21,0,0,0,"6479684,12","604,88","61672273,43","36386596,67","6931084,53","36309960,45",0,0,"76636,22","61768278,47","46494983,45","5135994,42","-96005,04","73515257,12","959803,86","48375459,04","8397711,38","37537213,65","2440534,01","43944968,81","30287702,19","10939565,65","2240622,02","477078,95","4430490,23","6880268,3","6880268,3",0,0,0,0,"1517443,08",0,"1,196172366",33962923,29309398,15616105,9874625,1305691,2451289,8424,14,0
Roma Foro Italico,2021,62,"53,7",13,"60,9",30,"52,3",14,"53,4",5,"44,4",9,"33,7",101,11,70,102,192,9,570,451,2263,833,1940,"82,02764977","9,708737864",543,"74,76979742","87,84530387","85,94704684","76,5060241",83,"36,5",1599,"46,5","57,5",37,"83,78378378",9,"33,67",0,0,0,0,0,0,"4644646,41","784,22","23937734,16","15620869,51","3068205,8","15548301,6","60027,67",0,"12540,24","20507342,03","15565348,67","3329232,41","3430392,13","26661867,53","3729795,99","20338352,25","4794580,95","15491347,53","52423,77","15661723,26","10419535,32","4651078,46","344364,58","246744,9","4676628,99","4248282,41","2347611,5",0,0,"341828,01","1558842,9","546298,54",0,"1,418216271",15032865,13905236,10086844,2796121,0,1022271,6764,3,0
Roma La Sapienza,2021,3510,"52,9",808,"59,1",1467,54,499,"58,6",736,"39,8",874,"34,5",3538,2575,4365,3553,10932,642,24496,18596,109243,34642,79504,"75,25188689","10,91996514",19415,"56,78083956","80,31934072","89,52500959","66,7179093","85,08750899","31,11680912",45791,"70,5","69,1",3251,"83,45124577",845,"33,25",3840,794,1873,738,697,1340,"125718454,5","837,8",1245937388,"616809640,4","115335535,5","601166530,7","11042562,15","1721915,49","2845587,01",1187907694,"709275354,8","98760703,72","58029693,41","922299091,9","84899427,53","808246634,8","149730563,5","637704612,2","20811459,04","719196051,7","456566915,3","220194356,3","27906963,92","14527816,15","89050583,07","116474169,6","97372304,72","7037042,08","4776584,2","6164977,05","1123261,5","33256393,98","0,5236990357","1,253096526",555333901,483585328,296753242,147649332,12159438,26448841,7108,192,15
Roma Tor Vergata,2021,1248,"54,2",324,"59,2",449,"54,5",327,"55,1",148,"40,6",282,35,936,1639,1528,971,4773,458,7586,5510,28997,10192,21790,"69,93873028","9,905069894",5505,"59,1462307","81,21707539","90,18429487","69,97245179","85,78512397","23,22435897",12462,"72,1","66,6",1310,"73,51145038",263,"33,6",1444,486,963,0,343,472,"35655979,21","897,63","400022193,7","241974093,5","35684541,57","236808846,6","2589972,82","331222,14","2193811,93","409082330,2","307125399,5","40824059,06","-9060136,51","113465666,5","4017339,08",329985490,"59460513,86",249504587,"21020389,08","312888872,4","175521091,9",108718412,"17769958,44","10879410,07","17096617,53","35734768,59","25912983,51","4760533,37","2100109,17","1560190,05","1400952,49","23725745,27","9,129574332","1,092944834","177493027,3",151689865,82904188,50503285,7730587,10186572,7011,80,5
Roma Tre,2021,896,"51,9",308,"58,7",374,"50,7",70,"52,3",144,"40,5",209,"35,3",727,280,1105,724,2351,345,7567,6117,32665,10103,23684,"67,32847449","10,11550422",5649,"49,24765445","76,33209418","91,27340824","61,27547666","79,83193277","36,45535714",17666,"62,6","32,5",511,"88,06262231",159,"31,47",0,0,0,0,1,4,"33034286,93","746,93","284867401,8","143147044,1","30395700,02","141664604,3","1161913,71","149180,1",159106,"299083964,2","176373136,9","36668446,89","-14216562,43","266667730,8","7935359,47","201622056,2","40287974,6","157227326,8","4106754,78","188118410,7","112200979,8","49671208,04","17954568,4","8291654,4","13503645,53","34703222,04","29747686,01","1668935,1","737186,03","1871394,23","678020,67","5584752,56","8,051418366","1,210285049",153376929,121892906,70887571,37742480,4297132,8762704,5470,35,1
Salento,2021,594,"51,9",112,"58,7",252,53,150,"51,1",80,"40,3",142,"35,7",506,108,724,508,1456,219,4855,3912,18444,5895,12997,"69,55414013","11,685642",2882,"55,10062457","78,45246357","93,89705882","55,85023401","75,11111111","31,06228956",6532,"72,1","57,9",305,"86,2295082",66,"31,7",74,24,147,0,16,151,"14706014,99","544,33","151302907,7","91266387,79","11259620,6","90468190,04","141284,66",0,"624663,09","136838839,9","100940429,5","16849989,74","14464067,79","98582479,68","11184904,49","119941232,2","18437743,7","99546421,96","1957066,52","104022661,7","71646623,2","23147343,88","5934258,67","3294435,98","15918570,45","12120203,61","9144992,93",330800,43015,"1136283,36","1465112,32","6317540,09",0,"1,208996267",90744293,76119504,44976786,24191135,1370370,5516470,6455,32,0
Salerno,2021,1001,"51,3",302,"58,1",420,"50,8",106,"52,4",173,"40,1",215,"34,5",618,797,1214,619,2889,246,6591,5407,34061,8461,22609,"77,08274097","10,252409",6205,"50,50765512","73,34407736","91,75365344","59,88909427","77,40471869","34,03996004",11310,"61,7","62,5",548,"77,18978102",152,"32,23",466,21,90,86,51,134,"30008358,36","607,78","288323400,2","158514011,6","26891824,16","153800280,2","4035760,66","231356,7","436614,01","282273242,4","185185012,8","31464578,04","6050157,77","239757527,3","22951866,13","221705722,4","44101582,87","167396343,3","10207796,22","193862256,9","115111785,4","50819738,5","12563777,87","15366955,11","27843465,53","29283670,39","23950532,93",227088,"456241,5",0,"4649807,96","14817912,48",0,"1,328684177","159949729,3",138366750,87196556,41570648,486379,9090188,6868,62,2
Sannio,2021,209,"50,4",47,"57,5",87,"51,5",41,"50,4",34,"37,4",56,"35,8",140,49,259,141,524,73,879,767,3920,1098,2507,"62,75346852","12,72337384",764,"47,2513089","69,2408377","93,38959212","56,01659751","67,22689076","18,75598086",1146,"61,7","46,9",111,"76,57657658",22,"33,23",0,0,15,0,0,0,"3649448,62","726,26","57246642,59","36072436,81","3302554,06","35826879,14","209302,2",0,"36255,47","53248762,6","33761669,29","5129380,47","3997879,99","23331534,42","5679216,66","41513096,82","9973369,33","29594473,2","1945254,29","34351472,89","24027185,81","7334820,3",2107109,"882357,78","7161623,93","3696129,01","3281874,06","46680,39",0,"339420,44","28154,12","6277240,32",0,"1,166568272","29094952,67",23661279,13116296,8128121,394052,2004193,8626,10,0
Sassari,2021,595,53,141,"59,4",258,"54,2",83,"54,2",113,"41,4",69,"38,2",505,900,664,515,2277,172,3090,1966,12973,3715,8909,"63,14907873","13,35266946",2346,"58,35464621","77,62148338","89,80921359","59,57446809","78,1938326","21,80504202",11039,"75,3",58,245,"91,02040816",64,"36,28",761,0,35,0,0,40,"10625542,69","444,77","212678568,9","117268564,7","7998163,54","114822646,3","1872299,8","571618,59",0,"190156288,5","125679196,1","16548947,32","22522280,39","80502233,8","16355876,48","134060678,2","21539095,96","111382299,2","1139283,02","122768019,8","69784741,92","39979481,55","11872982,14","1130814,14","11292658,4","9084230,45","6710920,89","221602,22","735820,89","677390,47","738495,98","12454865,51","1,008497476","1,252261225",80207886,70625632,40566181,24275437,791685,4954926,8108,13,3
Siena,2021,711,"54,2",181,"60,3",314,"52,9",137,"56,9",79,"40,7",139,34,833,1618,849,836,3935,673,3156,2337,16152,4543,11670,"74,6862565","10,34423556",3129,"56,15212528","79,0667945","91,79779043","63,94984326","84,50899032","22,71589311",8417,63,"63,3",500,"84,4",124,"30,9",948,251,300,106,199,236,"25148565,6","1091,93","265998057,9","138453363,5","23888278,06","137130782,2","440892,96","743916,46","93647,37","256338368,4","172581295,9","26906750,35","9659689,43","50914693,07","14937925,23","189875050,9","39300436,86","147300617,9","3273996,09","168388657,2","99411674,67","56251821,29","7877890,45","4847270,83","21486393,62","24570072,29","17919337,17","2018550,72","2205661,44","1132686,89","1293836,07","14730364,57","15,89096635","1,130921907",122965168,106832993,58320794,30593411,10940274,6461639,7766,47,4
Siena Stranieri,2021,73,49,18,"57,8",24,"50,8",3,52,28,"41,4",18,"36,6",110,0,91,121,224,7,455,341,2064,615,1495,"75,58386412","6,186953598",429,"54,07925408","82,75058275","89,88235294","69,23076923","70,96774194","28,28767123",3709,"53,4","50,1",42,"59,52380952",6,"35,17",30,41,11,0,45,7,"6297656,81","942,28","40605256,8","13338894,99","6266124,56","13307638,02","23008,1","8248,87",0,"38740417,54","18010466,46","3976392,92","1864839,26","3395807,03","76037,37","20604649,61","6894323,52","12843818,99","866507,1","19312156,5","12091398,73","4148485,66","937091,91","2135180,2","1292493,11","6455010,7","2750256,72","157353,89","51422,88",0,"3495977,21","439312,82","15,37603051","1,252916213",12890003,10486022,6488964,2854956,0,1259644,6239,0,0
Teramo,2021,220,"52,7",53,"57,5",97,"52,4",50,"53,4",20,"39,9",33,"33,5",185,36,253,184,651,274,1243,887,5182,1447,3710,"63,59959555","12,68372346",954,"61,42557652","75,78616352","93,49503859","49,35622318","62,38938053","23,55909091",2585,,,181,"89,50276243",44,"34,23",213,110,277,0,85,37,"7582709,78","855,2","62779635,01","32942645,36","6602662,72","32636198,85",301217,0,"5229,51","61181157,07","41598674,39","6865458,72","1598477,94","32385705,71","1571472,78","46041991,43","10619892,45","33105926,19","2316172,79","42754906,64",27213223,"12889845,49","2320525,59","331312,56","3287084,79","7159975,52","5011681,1","452755,21","543512,82",651515,"500511,39","3459916,93",0,"1,1036302",32536032,27117642,15902913,8809092,97983,2303025,7778,5,0
Torino,2021,2152,"50,7",527,"58,1",975,"50,5",260,"53,7",390,"39,1",552,"34,9",1767,3721,2704,1908,9118,811,15974,12250,78289,22297,57472,"77,67797367","12,95917475",14959,"62,14319139","82,64589879","88,49026212","67,361292","85,15037594","36,37128253",54743,"56,4","40,3",1067,"86,78537957",273,"31,6",2728,956,680,311,858,529,"102341856,6","1011,49","810491205,5","385170587,3","88820668,43","375672392,4","4884168,58","2487776,75","2059234,28","778325445,6","515921439,9","100331921,94","32165759,84","585013492,3","29445240,31","531578142,7",127443064,384730438,"19404640,71","485514841,6","268717264,4","190799295,4","20721667,69","5276614,08","46063301,06","92923236,75","81597722,35","4134304,45","2655859,18","2287190,98","2248159,79","34519827,28","3,271868777","1,307895813","344259515,3",289839424,176282005,93739432,1086130,18680543,6337,90,8
Torino Politecnico,2021,958,"49,4",302,"55,4",421,"49,3",62,"54,2",173,"37,4",507,"31,5",830,463,1443,868,2867,104,5429,5360,33836,10234,24015,"79,57666495","7,507623588",8815,"39,06976744","77,39081112","90,19512786","82,71398747","94,4410507","35,31941545",36523,"71,1","64,7",1097,"90,51959891",223,"30,49",0,32,115,0,62,139,"38279631,27","882,56","406201606,4","183234606,5","33176560,3","177134321,6","866170,62","151963,7","5054598,85","416523564,6","257425638,8","45677728,97","-10321958,19","338439547,2","7147285,94","296151443,7","95950639,24","187634750,4","12566054,09","276599994,6","163530389,6","85897800,43","24726256,21","2445548,36","19551449,08","33259519,31","31026014,16","164470,75","15583,36","1636122,14","417328,9","62691119,93","7,244779157","1,25922081",180445466,150000380,95375127,44393204,519403,9688107,7632,134,1
Trento,2021,735,"50,2",244,"57,2",315,"49,3",28,56,148,"39,3",406,"32,6",712,521,1132,775,2596,146,3331,2951,16995,4929,13009,"84,75594493","8,505843072",3902,"68,47770374","87,05791902","92,12513484","65,67036721","87,58542141","23,13877551",28500,60,"70,9",759,"95,12516469",147,"30,51",35,22,24,0,40,44,23408171,"1136,03","233637374,6","153870656,1","20374086,08","151130089,5","1250122,73","928490,43","421908,18",206842080,"179890847,8","40344590,95","26795294,64",154916129,5895578,202554477,49731840,146943625,5879012,193408525,110718241,60512259,19286129,2891896,9145952,21105594,19368238,269769,278469,742666,446452,28626246,0,0,28542507,7479775,742333,0,0,6737442,6309,68,2
Trieste,2021,665,"53,4",145,"59,8",324,"53,3",97,"57,3",99,"40,2",161,34,568,846,825,578,2575,280,3863,2954,16340,5090,12240,"77,37827715","10,6660862",3104,"64,17525773","84,69716495","87,49159381","75,33092659","91,22541604","24,56090226",14332,"54,1","43,1",434,"91,01382488",100,"30,2",752,104,133,96,70,88,"22430076,1","1034,85",219186312,"129116773,4","19949751,8","122269958,9","4708676,78","755111,66","496300,87","224440037,1","149324009,4","30754840,66","-5253725,05","64686098,49","6512868,4","159797293,1","27061012,23","126257246,1","6479034,79","149376882,1","83330945,78","52344316,45","12902346,94","799272,92","10420411,04","19954719,51",0,0,0,0,0,"7106292,72",0,"1,2500594",103646587,89819402,51186953,27213163,5494097,5665619,7469,46,7
Tuscia,2021,341,"52,1",77,"59,1",146,"54,1",39,"54,3",79,"40,6",77,"34,8",266,184,407,279,1076,214,1955,1457,7817,2551,5660,"66,77631579","10,46779141",1577,"59,03614458","81,35700698","93,15825847","53,10344828","81,43459916","22,92375367",1995,"64,1","76,6",234,"89,31623932",47,"34,45",0,24,11,0,0,9,"8743228,16","800,61",87901478,"52956773,4","7277217,84","51422746,24","600327,29","78331,82","845693,3","78744462,48","57194328,81","7828986,24","9157015,52","59144906,49","6441322,99","66957613,83","16883081,94","48560143,86","1514388,03","57711173,73","41389324,28","13355157,64","2289615,99","677075,82","9246440,1","7640518,93","6403160,43","50368,87","78512,45","488683,09","619794,09","9242563,01",0,"1,17481273","50958967,07",40828690,23407677,13482432,284773,3640354,7400,18,5
Udine,2021,651,"54,3",173,"60,1",273,54,134,"54,9",71,"40,4",182,"34,4",500,713,832,576,2489,395,3559,2696,15101,4496,11359,"71,44505336","9,772535805",3020,"64,33774834","84,10596026","90,50380573","79,79942693","88,36772983","23,19508449",9974,"38,3",56,248,"93,5483871",78,"31,18",519,319,94,0,256,71,23998755,"1208,28","200369427,3","98461178,25","22646303,93","96772445,47","638829,17","898698,35","143824,29","200570318,6","125596757,3","20231290,14","-200891,28",73462805,5091783,143887699,33400813,108715238,1771648,134467622,82569696,38455732,12267028,1175166,9420077,23063315,18793201,1614720,834036,889695,931663,10337498,"0,05395692218","1,177516989",87062344,76320152,44003731,25337877,1706974,5190924,7266,32,1
Urbino,2021,345,"54,2",83,"59,7",148,"54,1",57,"57,9",57,43,75,38,362,76,420,402,1278,384,3211,2757,15275,4318,11379,"72,19202899","8,791310806",2716,"56,44329897","80,52282769","93,80914826","69,83154671","84,47937132","44,27826087",5901,60,"57,8",148,"81,08108108",36,"31,17",0,270,26,0,279,41,"19096605,19","913,51","106973683,3","56922539,94","13865766,73","56625388,67",18256,235250,"42090,27","97217958,46","63730939,59","9908183,61","9755724,8","109778361,8","12093030,39","79724442,41","18927859,17","57597518,63","3199064,61","64572802,89","46174503,26","12498355,12","2223788,8","3676155,71","15151639,52","17074661,77","14781050,81","386898,57",25786,"856625,87","1024300,52","1853197,4","1,022764115","1,245613235",58171204,51114897,33499844,13359587,156308,4091773,6010,12,0
Venezia Cà Foscari,2021,632,"50,4",179,"57,3",264,"50,9",40,"54,3",149,"40,2",275,"36,1",628,330,906,734,2213,276,4543,3745,21218,7308,16602,"82,70098613","8,869926861",5471,"72,19886675","88,24712118","90,2992186","67,4796748","86,44067797","33,57278481",23202,"59,3","58,6",400,93,67,"32,36",0,303,218,0,389,242,"33768483,61","1222,97","283645358,8","111208470,6","31962736,59","110311068,2","413978,61","57261,47","367623,62","286409658,1","150165601,3","31653636,37","-2764299,28","176897552,5","2977661,26","164650433,2","40086816,04","111944569,1","12619048,14","155515936,8","92533844,67","51692760,12","9373674,5","1915657,47","9134496,47","32171324,99",0,0,0,0,0,"7915491,05","4,4006684","1,273006764",103031372,84749040,47749463,30101045,352184,6529709,5426,18,2
Venezia Iuav,2021,162,"54,2",55,"59,8",68,"53,3",7,"61,4",32,45,77,"36,3",235,191,239,236,832,172,839,683,4235,1505,3456,"88,03212851","4,793267472",1098,"67,30418944","90,98360656","87,03703704",68,"85,27131783","26,14197531",6297,,,113,"87,61061947",34,"33,59",37,82,84,0,106,95,8117860,"1544,36","70744008,09","37381794,99","7910280,39","35472717,13","999678,86",0,909399,68036774,"48218297,4","13256495,03","2707234,09",67166286,3034101,50878411,11988849,36606144,2283418,46678616,27782944,15710077,2503260,682335,4199795,8041691,"6627136,79",811718,"90298,81",480783,"31754,4",3947158,0,"1,318075131",33798017,28469279,16573830,7158715,2637530,1974593,8031,3,0
Verona,2021,792,"50,8",175,"58,4",365,"51,1",93,"53,2",159,"40,1",288,"33,6",748,2632,1081,780,5205,604,6950,4951,25333,9200,20259,"76,51905252","8,690265487",5123,"65,85984775","85,84813586","89,90638991","71,33497133","90,43173862","31,98484848",18131,"89,3","38,5",436,"82,56880734",98,"31,42",1922,731,254,178,564,143,36066521,"1098,78","306259289,8",170614461,"34766426,86","165575775,5","155028,62","685191,21","4144039,31","325840833,5","225839001,3","30976007,69","-19581543,74",175299871,1665872,243474363,46160861,173369419,23944083,233305048,119119030,97170877,16675279,339862,10169315,33787913,26004108,2801599,2590907,956756,1434543,12372948,"3,798129833","1,247663648",121305771,103018453,57484867,36119179,1563517,7777021,6093,41,2
Bari,2022,1537,"51,3",287,"58,6",689,"52,6",218,55,343,"40,2",175,"33,8",1383,2174,1709,1402,5788,326,9929,7311,40790,12055,28131,"68,86418666","11,15927073",6855,"53,78555799","75,08388038","88,06441427","59,84630163","77,17195926","26,52960312",3325,"60,6","63,1",833,"92,19687875",151,"33,07",2065,194,239,321,73,191,"42070132,3","682,56","399091197,8","264255530,2","33438316,89","254236179,4","7692942,01","520099,19","1452693,82","405440388,5","319866978,6","45135996,57","-6349190,65",332935792,16482258,326623769,56830618,255769519,14023632,302276620,183257782,101905966,12127369,4985503,24347149,36235469,"26763090,61","575904,69","3041601,56","3189058,08","2665814,06",20595149,0,"1,22377043",215668257,191989812,112850175,56983639,7617916,14389839,6721,64,5
Bari Politecnico,2022,360,"49,3",102,"56,9",139,"51,1",16,"55,8",103,"38,3",188,"32,6",252,200,547,265,1114,147,1851,1789,9950,2742,6719,"82,3633157","13,29026938",1862,"57,14285714","81,25671321","91,31428571","83,99280576","93,22429907","27,63611111",3204,"57,6","53,7",338,"80,47337278",56,"31,43",5,0,51,0,0,55,"9289599,12","640,9","111244672,6","55305847,07","7166882,27","53421568,23","1160734,2","63263,91","660280,73","110148757,4","73476030,65","15424039,78","1095915,17","73343235,88","1824611,79","82400592,25","20081346,16","61496259,65","822986,44","77236928,22","46016712,45","20231266,22","6278989,55",4709960,"5163664,03","7530959,12","6867732,98",21714,"28929,56","544896,5","67686,08","12550387,04",0,"1,297024031",53682342,46198039,28301106,13615281,232992,4044126,8186,29,3
Basilicata,2022,330,54,51,"62,5",167,55,54,"57,1",58,"40,9",40,"36,2",239,78,371,239,782,92,1239,930,5932,1464,3609,"68,40684068","16,01270129",864,"35,64814815","63,88888889","90,94437257","56,40138408","81,09452736","17,97272727",590,"63,5",61,158,"87,97468354",47,"32,13",35,12,0,0,9,0,"5696560,08","699,19","78768316,11","46773331,62","6296520,97","46171948,74","245531,2","155541,08","72717,58","77564069,41","60158975,31","10963583,24","1204246,7","49988600,02","852110,12","65360229,56","11057966,4","53419718,87","882544,29","61136886,76","39899684,89","15700638,79","4617545,37","919017,71","4223342,8","5696560,08","5049893,97",0,18690,"342281,61","285694,5","5361406,32",0,"1,342315599",37175382,33047775,17301029,11758493,372739,3608261,8546,13,1
Bergamo,2022,459,49,119,"56,6",180,"50,4",26,53,134,"39,6",97,"33,2",282,91,555,283,1230,240,5226,4296,20410,6893,15109,"77,51160631","11,17044623",4347,"70,87646653","89,16494134","92,61265698","78,24497258","88,68778281","44,45315904",7299,"60,5","47,9",182,"85,71428571",55,"31,36",0,104,75,0,126,83,"21646324,02","693,64","152571779,3","85847268,62","17570073,88","85448942,92",15400,0,"382925,7","150503341,3","86333734,4","19677861,34","2068437,99","207697619,9","25287306,67","115700038,7","24280241,16","81750782,81","9669014,73","86701337,29","54809688,57","26259233,24","2770149,15","2862266,33","28998701,41","19190019,91","16070934,77","1216859,92","794263,33","518679,58","589282,31","5090221,25","2,133853609","1,514080541",79009618,69423266,45340991,18328963,0,5823075,5513,7,0
Bologna,2022,3172,"50,7",861,"57,7",1472,51,192,"56,7",647,"38,9",1295,"32,3",3032,3281,4467,3135,11883,967,18360,14649,87176,27430,68878,"85,14878515","7,277431339",18769,"71,64473334","89,62118387","90,96974837","72,100169","84,70490441","27,45491803",50686,60,"66,2",2404,"97,12978369",501,"31,23",2732,1373,629,0,1478,527,"141131075,7","1240,1",1216201323,"533416141,8","126414209,1","511085917,6","16521150,64","2689606,48","2780567,04",1161239706,"782304287,3","126040412,63","54961617,38","435539834,4","74523837,38","876855671,3","240550017,4","607496651,4","28809002,46","777221368,3","412298398,8","286607410,9","30334371,19","47981187,32",99634303,"134624556,6",109665575,7481119,"4792909,66","9543597,93","3141355,02","105925460,8","4,728307365","1,232155585",474954607,401998694,230353554,133478221,8007984,30003102,6606,215,19
Brescia,2022,655,"50,3",196,"57,7",258,"50,8",55,"53,5",146,"38,3",121,"32,4",522,1481,774,530,3284,526,4150,3298,15775,4956,11915,"73,79022353","11,43424855",2490,"63,45381526","84,89959839","88,65935919","81,79059181","92,13483146","24,08244275",3431,"77,1","57,4",325,80,63,"32,34",1276,31,70,218,36,43,22818964,"1127,36","225213396,3","120512093,5","21332284,64","119135246,2","661011,8",0,"700365,55","237900463,9","160262067,9","24077451,51","-12687067,55",173868118,6152617,164514547,29906809,129798424,4809314,155151079,79010236,66060968,7689246,2390629,9363468,20995659,17966688,436895,1632436,813208,146432,8911150,"0,08962474791","1,205003771",89179369,77382973,44675498,25843273,412414,6443763,7289,48,5
Cagliari,2022,994,"51,8",243,"58,4",441,"52,1",134,"55,7",176,"39,1",106,36,900,1555,1098,925,3758,200,5789,4080,24363,6901,15236,"65,92577488","13,22065293",3270,"44,25076453","68,56269113","87,50395444","68,28793774","80,41714948","24,50301811",4399,,,346,"87,86127168",109,"32,62",1286,0,64,0,0,47,"23380454,09","639,75","333998459,2","191640900,7","6949021,06","186087055,6","3044376,09","1735815,3","705221,5","320312068,9","215373430,5","35280641,61","13686390,34",206485393,"16086518,58","248505913,1","30596183,17","202579912,3","15329817,58","223198712,2","126656088,2","73340672,04","14737398,57","8464553,44","25307200,85","21150580,28","16930214,31","243987,18","1361298,82","1281624,24","1333455,73","9445602,89",0,"1,186258465",134276684,118007418,67150333,40493644,1381551,8955005,7507,45,2
Calabria,2022,855,"51,3",155,"59,2",410,52,124,"54,6",166,"39,5",117,"34,8",592,192,944,591,2052,320,4823,4302,23523,6369,14925,"72,75465013","11,87364473",3564,"37,40179574","67,67676768","94,13700269","58,78378378","77,81990521","27,5122807",2153,78,"61,7",334,"99,10179641",95,"31,75",21,55,254,0,30,243,"18152060,22","486,23","278738229,3","138417246,7","15261613,45","135720088,9","1709604,87","115794,03","804047,26","279070609,3","204959056,5","46947555,06","-332379,99","141576387,1","13731129,86","225780093,4","34971756,09","161480185,7","29328151,62","204975819,4","98638498,06","76522017,99","19270852,54","10544450,77","20804274,01","16671148,54","12552155,23","338823,38","45677,71","2009644,04","1724848,18","18300607,55",0,"1,208770964",118602065,102830215,60566797,29243805,4225855,8711524,6938,41,1
Camerino,2022,302,"53,5",71,"59,2",128,"54,8",46,"57,6",57,"40,2",58,"35,6",252,143,357,258,900,133,1595,1092,5952,1857,4337,"73,6970684","14,6611002",872,"56,65137615","73,39449541","94,15422886","73,42192691","87,19723183","19,69536424",1006,"58,6","59,7",306,"87,90849673",49,"35,92",171,21,618,0,43,295,"6860021,61","796,24","93715226,43","45515918,13","6507519,9","42716917,19","2612687,95","8865,14","177447,85","101783944,2","64410463,2","13387847,45","-8068717,76","50387208,92","270633,08","71870092,83","12445675,48","52436716,47","6987700,88","68629904,2","40125831,73","20531347,56","7276658,51","696066,4","3240188,63","7062211,76","4610505,18","1250082,15","387480,91","584128,44","230015,08","5383463,72","5,344911231","1,08562425",44034198,39183734,23265657,11025840,1461318,3402482,8745,19,0
Cassino,2022,274,"52,9",65,"60,2",123,52,47,"55,5",39,"40,1",41,"36,1",253,32,315,254,849,171,1522,1223,7099,2164,5282,"75,7151552","10,77019411",1260,"62,85714286","82,61904762","95,48022599","67,1388102","78,37078652","25,90875912",915,"74,6","63,1",143,"77,62237762",27,"33,41",0,52,128,0,892,556,10990935,"545,79","76322418,88","36754375,75","15521474,11","35781486,22","554527,66",6620,"411741,87","70532280,66","50390407,83","5380137,96","5790138,22",-27901506,5427961,58568587,16916396,38822658,2829533,51873108,36097251,11051433,2613031,2111393,6695479,12342129,4107754,1351194,0,900694,5982487,4574267,0,"1,210051558",36168838,31940178,17809017,8929662,1894836,3269790,6621,13,1
Catania,2022,1265,"52,6",316,"59,2",574,"53,2",117,"57,6",258,"40,8",225,"35,1",1082,1672,1489,1091,4787,488,7896,6334,37512,9887,23967,"71,19798235","12,70272254",5744,"38,09192201","67,09610028","89,47267864","61,88145731","78,43889955","29,66166008",2179,,,583,"88,67924528",187,"32,05",1393,42,228,201,37,204,"37819440,96","583,25","389524557,7","209089007,8","29784108,36",207648681,"606260,87",242750,"573237,16",383371613,"260653059,3","39389347,30","6152944,74","415113939,7","19784038,13","296789575,1","51186113,84","235812540,8","9790920,48",266481191,157390918,"89771095,6","8585822,61","10733354,78","30308384,12","31582171,38","21390859,6",636576,"1520036,54","2273337,24",5761362,"19603942,46",0,"1,205129614",193528492,170405854,107261463,48024016,2611732,12457819,7580,69,2
Catanzaro,2022,323,"49,4",95,"58,4",124,"49,4",11,"55,2",93,"39,5",72,"35,5",187,839,395,187,1585,138,2421,1637,11062,2796,7661,"72,89527721","9,856412752",1638,"52,93040293","74,84737485","92,49506254",60,"74,16020672","34,23839009",412,"42,7","56,7",205,"86,82926829",38,"33,05",815,59,181,0,0,12,14886478,"525,34","125477139,7","73512866,67","11235340,71","72370663,65","311157,6","162441,2","668604,22",128205738,"90477354,81","25212083,73","-2728598,25",88751249,4920059,117541473,19581030,74089422,23871021,110396298,42660078,56063369,9620391,2052460,7145175,13048848,8375607,258660,3372044,890348,152189,6532182,"0,09861726213","1,538967635",55379163,49767659,32352480,12822277,687177,3892353,8372,14,0
Chieti e Pescara,2022,756,"51,9",212,"58,3",314,"52,8",60,55,170,"41,1",94,"35,6",354,831,849,353,2216,200,5058,3695,21482,6532,15454,"74,34533552","10,91394263",4324,"59,22756707","79,97224792","89,96521274","61,43092105","82,20472441","28,42328042",2905,"66,3","72,4",385,"92,46753247",76,"32,75",688,73,213,101,62,100,"22646307,6","641,85","221900859,9","119713829,1","16425046,57","118978695,7","124578,4",0,610555,"230302006,2","162773159,6","43018562,63","-8401146,24",227533011,7600368,175120880,25074467,137557656,12488757,162011813,85327715,65960023,6761003,3963072,13109067,19279294,16178713,393908,774620,1480342,451711,5795173,0,"1,357643831",113827305,101047457,61320976,28308842,3393121,7958489,6710,30,1
Ferrara,2022,734,51,197,59,298,"52,1",47,57,192,"39,5",154,35,547,1200,885,548,2928,297,7814,6247,27157,9094,22440,"72,93277811","7,54737123",4764,"72,90092359","90,17632242","90,37020714","74,27912341","86,2932062","36,99591281",4537,"93,8","65,4",420,"91,19047619",106,"32,64",990,194,350,0,168,366,"30215900,37","925,55","261032640,5","134413656,7","30208243,51","132366021,9","1705795,61",23953,"313886,15",231938442,"161147156,2","28264905,76","29094198,47","268741513,8","41989755,37",202945006,"42536371,28","153830700,4","6577934,31","156053911,7","82749789,4","63347741,77","5158845,02","4797535,48","46891094,36","31155032,07","26680547,22","939131,68","1641621,45","1076291,73","817439,99","11381339,21",0,"1,613054528",125715115,107490879,67680658,32071952,0,8204988,6999,71,2
Firenze,2022,1794,"52,2",391,"60,3",843,"53,7",126,"58,2",434,"40,3",757,"33,9",1435,3341,2547,1477,7691,385,13702,10380,55219,17075,38978,"72,78621126","13,42799499",9080,"55,9030837","78,22687225","89,05704307","70,1919458","85,68729334","30,77926421",13815,"55,3","50,6",1031,"88,8457808",293,"32,36",2209,560,575,278,405,427,"58083546,93","820,43",669218430,342446899,"60101579,01","334620447,8","6756284,59","393184,9","504505,71","648460094,1",445349164,"83987146,35","20758335,84","901056865,6","12450505,77","459478287,3","106283044,7",336472247,"16722995,62","435174374,1","231679145,8","170782596,2","18728946,56","13983685,54","24303913,26","60147457,6","48671305,54","2063910,63","4219482,14","2982430,35","2210328,94","46135587,1","2,616089436","1,291831275",279707230,239563495,141352737,79737842,1686090,16754015,6765,131,14
Foggia,2022,416,"50,7",140,"56,3",150,"51,2",34,"53,3",92,"40,4",74,36,287,821,486,307,1691,76,4058,2886,13091,4694,10081,"66,58912475","10,15865498",1805,"66,4265928","85,59556787","92,3369221","58,10526316","75,13661202","31,73798077",5800,"63,6","38,3",304,"76,31578947",14,"34,79",626,0,55,0,102,3,16369309,"511,06","146745515,9","71533558,99","14300514,77","69730106,68","1469735,07","210423,96","121681,08","138789337,9","91639862,11","12648826,77","7956177,93",66600607,6787605,99489374,15300320,82514786,1674268,89861740,48169394,34031221,4699485,2961640,9627634,14287356,8208946,158711,733884,1259671,3926144,1012964,"0,9547831077","1,369540856",57583467,49755779,29337548,15666700,268097,4478217,7093,11,1
Genova,2022,1353,"50,7",343,"58,1",606,"51,4",103,"55,6",301,39,347,"33,1",1189,1675,1696,1211,5401,819,8104,5828,32320,10349,23544,"73,53511835","12,80511683",5246,"61,43728555","82,29126954","89,5187602","76,46691635","90,09135629","23,88839616",7856,77,"46,8",1141,"95,61787905",297,"31,52",1432,238,225,0,271,197,"51183077,77","1188,04","485669870,2","234412431,1","43401137,57","230182896,3","2254789,65","69111,72","1896974,36","459032528,6",314585272,"46786340,42","26637341,57","397031460,5","21767086,47","360460467,1","80813535,68",261189811,"18457120,4","327829233,7","198380404,2","107460224,3","10647083,91","11341521,33","32631233,38","47175453,3","40598630,59","1915453,34",1396678,"1550811,35","1713880,02","33638082,38","1,689725762","1,154182908",198013652,174962397,97642736,54933773,9368033,12835556,6925,73,6
Insubria,2022,420,52,96,"59,4",206,"52,2",45,"55,1",73,"39,6",72,"34,8",329,768,481,338,1793,222,3559,2787,11972,3960,9451,"68,06810285","8,431561222",2179,"71,50068839","89,39880679","92,27799228","75,4985755","86,75958188","28,47857143",3770,64,"53,1",222,"81,98198198",55,"33,13",591,32,42,61,77,28,"23492758,57","1583,86","143963220,3","77456996,65","20653408,51","74876660,11","1819175,78","613009,59","148151,17","148190270,4",102569296,"23085049,04","-4227050,09","105363852,2","6103766,4","108969658,8","25852269,49","77977849,98","5139539,32","99706283,19","50148258,71","43389622,35","3057708,9","3110693,23","9263375,6","21582075,4","19508498,07","254496,86","1229789,46","494429,34","94861,67","4270194,09","0,7083332819","1,363561678",60052921,53661371,32470937,16100998,275529,4808545,6753,27,0
L'Aquila,2022,627,"52,1",179,"59,1",230,"53,3",68,"58,2",150,"39,1",112,"35,2",431,723,720,430,2112,259,3788,2237,16225,4761,11774,"79,09567497","11,94408038",3053,"66,03340976","81,03504749","90,34034034","77,2972973","88,97742364","25,87240829",5770,"50,9","70,7",293,"76,10921502",72,"32,72",636,135,164,72,121,127,"14661537,77","520,05","181837292,4","102298800,5","11033098,24","99747376,87","1490685,16","104374,82","888762,39","183341180,7","127676396,7","18349680,07","-1503888,3","172180284,8","2599219,94","135337982,2","22805149,06","111592995,3","939837,86","129194427,8","75484987,62","40643617,19","7136808,24","5929014,7","6143554,46","12259824,16","8603296,79","707038,39","223885,13","562981,85",2162622,"10545324,9",0,"1,195579038",92632833,83298307,47785016,22773411,6763005,5845269,7196,42,2
Macerata,2022,299,"51,3",76,"57,1",136,"51,5",31,54,56,"41,5",47,"34,7",277,75,345,291,905,220,2135,1419,9368,2853,6982,"75,49467275","9,477173422",1899,"64,34965771","84,57082675","92,6056338","65,26655897","76,61290323","31,31438127",5381,,,111,"90,99099099",30,"31,27",119,43,88,25,36,86,"10550838,27","665,15","93998815,48","45224401,94","8771765,87","45087256,05","124029,35","3046,54",10070,"89574349,76","55124916,87","9360700,52","4424465,72","77336224,86","2660580,04","60720508,14","11552297,09","47385118,89","1783092,16","54764508,34","39356840,92","12425779,73","2062120,2","919767,49","5955999,8","9237573,27","6885904,48",325507,"1293408,5","617050,6","115702,69","2314723,82","7,048134141","1,167109365",46374799,39474831,23164500,10692317,1910176,3670666,5544,1,0
Marche Politecnica,2022,623,"50,7",170,"58,9",266,"51,5",43,"54,4",144,"38,4",251,"32,3",516,1245,871,576,2963,512,3808,2887,15224,4987,10782,"73,81679389","11,79850603",2650,"56,03773585","81,35849057","91,65261383","82,05445545","92,04892966","24,42857143",3728,"77,8","70,5",345,"81,73913043",101,"31,86",915,62,105,0,65,41,"17812960,31","777,7","232819348,1","120238961,7","13766493,19","116944698,9","3088238,95",0,"206023,92","234703628,7","162053298,8","28300245,46","-1884280,52",117208211,223576,157152331,32173817,120785113,4193401,151175422,85707463,56590538,6670976,2206445,5976909,15492389,"13018615,24","523884,65","1011887,34",601372,"336629,77",16681428,0,"1,134129596",94692983,79271806,46300648,25028445,1280213,6637587,8035,36,1
Messina,2022,1114,"51,4",329,57,408,"51,9",144,"57,1",233,"39,2",96,"35,3",835,1404,1198,836,3546,123,6811,4905,24113,8134,16767,"66,81230045","11,24720932",3538,"50,05652911","73,88355003","91,42857143","58,89908257","79,97811816","21,6427289",2337,"70,4",59,447,"85,01118568",111,"32,34",1418,66,107,0,46,114,27356138,458,"343061712,5","169218400,2","22030556,5","167734489,5","834534,81",0,"638181,45",380034297,"213704135,6","30475832,12","-36972584,51",339561035,12000466,235591042,35163203,189339298,11088541,218800540,127715631,69469685,14483800,7131424,16790502,23420973,11687817,563100,2320236,1910315,6939505,11742230,"0,06606070798","1,156365907",157741317,144019815,82241678,39060658,13256773,9202736,7745,50,2
Milano,2022,2419,"51,1",655,"58,7",1049,"51,5",181,"56,7",534,"39,1",694,"33,3",1952,4066,3090,1999,9883,940,13169,10048,60808,17791,44743,"77,2984842","12,22518397",11083,"66,20048723","85,68979518","89,54847153","70,37467325","87,30708661","25,13559322",17937,"30,7",78,1264,"94,85759494",295,"30,43",3785,227,265,615,258,238,"98874531,54","1200,46","900316043,3","449888708,2","87991988,36","441067017,6","61112,21","2242597,36","6240341,05","916426895,5","648383083,3","137250378,11","-16110852,22","648820768,4","16583700,76","640822754,3","163932376,8","434025460,5","42864917,02","611138295,1","305948234,4","263504067,3","25256103,31","16429890,02","29684459,21","91686592,12","77753035,4","1316650,04",7078578,"4085768,61","1452560,07","72245784,63",0,"1,241169228",341112884,296475524,166010926,106516435,1822766,22089926,6344,198,11
Milano Bicocca,2022,1101,"50,1",277,"57,6",501,"50,6",81,"54,1",242,39,364,"33,8",787,1824,1431,823,4447,281,8039,5767,36440,11143,28334,"83,5434489","11,25357801",7061,"72,01529528","88,75513383","92,98816568",75,"90,17169923","33,09445958",12568,"77,3","59,3",760,"93,68421053",179,"31,64",1193,363,173,169,471,101,"52955390,35","1155,2","414276765,3","217441521,5","48084627,65","214579701,5","205222,26","262884,66","2372353,72","423347892,5","301628254,1","69727123,95","-9071127,2","236126536,2","495097,44","307976955,7","71903117,96",205815857,"30257980,75","297972178,8","158165250,9",122666836,"15855612,22","1284479,55","10004776,94","49636756,81","41619681,75","2189513,31",2394578,"846386,24","2586597,51","22266361,15","2,901485797","1,36736403",175963062,145058350,83761982,48598969,773233,11909119,5928,59,7
Milano Politecnico,2022,1627,"48,9",447,"56,7",722,"50,1",75,55,383,"36,5",1027,"30,7",1146,772,2647,1280,5500,886,8353,7735,49131,16366,38849,"91,07142857","3,745012695",13082,"60,11313255","88,60266014","87,17300245","94,01513414","65,06511001","30,1899201",23036,88,"65,6",2122,"90,76343073",349,"30,12",20,1357,573,0,1401,591,"90220628,44","1876,61","873274168,9","339376098,9","92179747,97","319581411,7","2636190,93","801993,67","15459195,3","775873396,5","490162422,5","101089474,63","97400772,4","762476675,7","94484459,15","582806127,9","188437005,2","377087340,6","17281782,09","486472269,1","282556832,1","176761608,6","21679932,7","5473895,64","96333858,75","86177594,3","82984408,76","2988185,9","111077,84","83421,8",10500,"102259410,9","5,783307773","1,460069935",269753245,235135088,141705201,75736544,1296044,16372078,7593,202,7
Modena e Reggio Emilia,2022,872,"51,8",244,"58,9",409,"51,7",67,"55,2",152,39,351,32,649,1902,1223,724,4006,212,5951,4586,26458,8054,19865,"80,4626842","8,099789405",5595,"66,36282395","87,48882931","90,86332746","79,76804124","89,30710009","30,33830275",7477,,,579,"83,07426598",134,"32,33",1482,156,120,180,394,38,"43286416,62","1123,21","338952245,2","155779751,1","35688948,57","154572555,7","476350,78","376905,77","353938,79","329661502,9","222607086,5","38950438,52","9290742,36",183006846,26246159,253060701,61887234,178626191,12547276,223702989,113799184,85437431,8636185,15830189,29357712,39115224,33064961,740033,3106257,1484632,719341,22772010,0,"1,317987071","134517457,2",115371456,70245466,35636711,609835,8867577,6572,64,3
Molise,2022,293,"53,9",89,"58,8",135,"54,9",19,"57,6",50,"41,2",45,"36,9",223,144,338,237,855,256,1450,1033,6733,1853,4848,"76,62632375","12,05956376",1146,"60,03490401","78,53403141","93,20477502","62,01923077","78,62796834","22,97952218",423,"45,5",57,150,84,32,"31,44",81,59,68,0,112,37,"9197817,97","814,7","82269159,46","39372686,19","7597723,33","38908727,45",0,"107500,33","354458,41",80280421,"52856097,7","8022074,06","1988738,46","23921640,63","3185275,78","58145847,59","10410897,26","46435408,87","1299541,46","52404764,79","37531386,36","12273182,11","1057313,28","1542883,04","5741082,8","8064937,97","5433920,14",0,"1402677,5","721930,98","506409,35","2345959,29",0,"1,094015245",38803808,34397970,19670478,11150515,181584,3391859,7992,6,0
Napoli Federico II,2022,2866,"50,5",782,"58,4",1226,"51,3",167,"57,7",691,"38,3",560,"33,9",2296,3299,3399,2228,9455,542,16536,13260,74194,21789,50936,"71,19197837","9,560821725",12707,"52,79767058","75,30495003","89,94342033","64,41048035","80,40943986","25,85624564",7269,"69,9","73,1",1785,"85,93837535",374,"31,23",2919,196,537,538,107,464,"70627590,39","746,55","886480231,4","470880895,9","71989561,47",457377733,"8655608,86","2368387,61","2452809,41","885515778,4",609354723,"120890915,34","964452,93",460446043,"23197152,01","681246369,5","149776144,1","504401264,5","27068960,88","634554734,8","321483653,9","215116595,7","30867651,47","67086833,66","46691634,75","71760433,29","62611021,29","1132842,91","5109314,43","2532796,09","374458,57","78015710,82","3,097571357","1,251405056",430512349,381988619,220251459,130051777,4254331,27348264,7334,191,8
Napoli L'Orientale,2022,247,"50,9",65,"59,3",95,"51,7",4,63,83,"42,8",42,"38,7",215,14,288,267,662,65,1683,1318,9888,2304,6016,"77,21655024","11,9562386",1812,"52,64900662","75,4415011","90,86053412","61,71693735","78,77697842","40,03643725",2448,"65,9","65,4",119,"89,07563025",35,"33,71",0,0,24,0,0,29,"5558687,02","408,75","73325636,97","44148602,69","4719040,95","42166277,27","1939591,84","42733,58",0,"67897460,5","48257745,37","8263338,39","5428176,47","81604034,24","15807834,75","60754772,65","7373712,36","50792411,8","2588648,49","46618045,22","31369221,14","11626433,78","2089115,94","1533274,36","14136727,43","5705487,02","5353922,14",146800,"6930,5","36204,38",161630,"1668225,34","10,28495923","1,240542175",43718567,37954052,23564446,9532828,1096053,3739396,5406,0,0
Napoli Parthenope,2022,379,49,120,"55,8",146,"49,2",32,"52,4",81,"37,5",31,"34,8",278,58,403,278,805,54,3694,3091,12446,4599,9499,"73,6577625","12,21521431",2067,"61,68359942","78,66473149","92,87222809","55,5353902","79,91360691","32,8469657",786,62,"31,7",255,"92,15686275",67,"31,93",29,312,62,0,198,76,"8113219,15","577,31","102062588,9","54847883,88","7364075,88","54521995,63",1000,"20730,25",303658,"101850112,6","70270161,85","14194920,54","212476,27","188928912,7","3195697,11","76875422,4","13285977,99",59623126,"3966318,41","70788592,4","45771653,45","17767854,46","5226685,91","2022398,58",6086830,"8049654,23","6914714,74","251610,08",21000,"701747,41",160582,"5236323,76",0,"1,185740127",54057103,46476936,26079771,15830593,0,4689031,6211,9,1
Napoli Vanvitelli,2022,1028,51,276,"58,4",416,"51,3",112,55,224,"39,3",146,"34,5",1327,1472,1171,1325,4128,186,5393,3955,23012,6568,16456,"73,94209354","11,48844376",3916,"58,60572012","77,37487232","90,17068864","63,57927786","80,21148036","22,38424125",2232,"71,1","59,1",785,"82,80254777",180,"32,53",2032,123,239,242,90,58,"26742677,9","850,06","284096867,5","168714152,4","24256303,35","165950762,3","1751373,94",53788,"958228,21","321154851,3","240818368,8","24973812,53","-37057983,77","237972688,7","9590421,26","259295842,8","46549922,44","205710569,5","7035350,91","241294602,7","143868392,9","80326416,47","9892162,85","7207630,47","18001240,19","26255591,52","20685697,18","484683,64","3165259,6","1271521,92","648429,18","20294330,92",0,"1,092771113",152296080,134348101,77176208,40981556,6083697,9988253,8177,45,0
Padova,2022,2551,"49,9",627,"57,8",1180,"51,2",127,"55,8",617,"38,1",874,"32,5",2165,6630,3422,2546,13783,1572,15470,12522,70777,22754,53848,"81,86689998","6,620375168",13448,"55,84473528","84,86763831","90,47063723","71,04874446","86,99651126","27,74362995",29613,"60,5","64,9",1799,"94,05225125",426,"30,47",2959,1137,1147,343,877,877,"110897161,4","1142,32","961539651,9","411998377,6","101413773,9","398851544,3","9311478,61","1974609,4","1519226,53",1027976259,658629105,"126988494,17","-66436607,51","413301734,9","546859,15","715010067,2","175092366,2","488077651,9","51840049,07","692454699,3","342280559,8","270670690,3","59191898,24","20311551,04","22555367,92","103976679,4","85477519,78","6177789,59","4329792,24","4331372,39","3660205,43","71115686,79","3,423128045","1,219284654",380047433,319596332,177939651,115652899,1979115,23986154,6910,299,18
Palermo,2022,1583,"51,1",390,"57,4",661,"52,1",212,"54,2",320,"39,3",121,"35,2",1324,2151,1702,1359,5786,717,10695,8344,42583,13422,31712,"73,0079033","6,861399053",7251,"58,80568197","81,06468073","89,79020979","63,34459459","78,86138614","26,90018951",12307,"60,1","50,8",910,"89,12087912",156,"31,94",1625,74,184,247,89,173,"46070672,07","587,13","460834333,5","269265562,6","34228974,75","257280459,7","9275058,83","1418654,41","1282443,21","445121811,1","313407343,3","38988594,42","15712522,37","320553817,8","25860628,37",336995636,"61606068,7","273679997,2","1709570,14","302732379,9","195316828,1","98142670,25","5843643,8","3429237,67","34263256,18","38613893,34","26204678,89","534027,56","2172872,55","3401204,57","6301109,77","22992175,36","0,2770756655","1,153086461",230817445,203114832,124638227,62118712,2476056,13833654,7207,73,2
Parma,2022,969,"51,1",240,"58,4",440,"51,9",73,"58,1",216,"38,9",182,"33,4",864,1183,1151,906,3546,305,7655,6272,30590,10314,23315,"75,32610021","10,17280094",5387,"67,03174309","86,56023761","90,06915098","72,69372694","87,47993579","31,5624355",6103,"76,2","62,7",556,"94,42446043",154,"31,5",996,459,236,144,352,234,"41145036,94","997,45","337154751,7","163678362,7","35268200,94","162538685,5","337308,45","502533,35","185364,83","336498975,1","229002667,7","50696511,61","655776,57","237633213,9","8248323,36","237228536,3","51068686,42","176772790,1","9387059,72","221589393,2","124696359,5","82736623,53","10162943,14","3993466,98","15639143,1","37795692,32","31039249,48",2346884,"1682471,32","1357091,54","1369995,98","13272994,1","0,4541476634","1,224569222",147621915,129607925,80553092,38663724,661635,9716599,6974,65,0
Pavia,2022,978,"50,9",246,"58,4",409,"51,7",94,"56,6",229,"38,9",240,"33,1",861,1757,1218,889,4717,876,6409,5058,26059,9026,20311,"78,77831947","9,07949552",4699,"68,44009364","86,78442222","91,79021908","71,75032175","87,88870704","26,64928425",9874,"59,8","66,3",689,"88,09869376",138,"30,98",1406,361,718,250,236,634,"41616365,32","1195,19","374180012,7","186532432,8","39504736,79","180861589,3","2542132,54","1236326,66","1620952,1",366746636,"247304587,3","43453349,05","7433376,7",285245354,"11299065,01","265015222,2","64831431,88","193415937,4","6767852,91","247944923,2","125356716,8","106453555,4","11777080,21","4357570,73","17070299,08","42747568,85","31036730,15",3692844,"3087419,3","3387509,12","1543066,28","22083863,03","0,01247306538","1,294814791",151501520,127495174,73555658,41539191,2428555,9924511,7268,84,9
Perugia,2022,990,"52,7",167,"61,4",532,"52,9",149,"55,2",142,"38,8",201,"35,9",935,1070,1190,937,3579,362,7837,5998,28177,9238,21194,"68,49372974","12,09268267",4189,"62,92671282","84,10121747","90,7086224","73,70892019","87,89915966","28,45757576",5314,,,482,"90,04149378",140,"32,33",815,136,119,0,49,22,"33290382,63","796,15","325510178,1","174445337,6","26635088,41",170739788,"3182839,3","122057,42","357620,57","311221799,2","213776934,5","36778924,28","14288378,96","314266823,4","17231173,91","229603696,1","41249636,36","171402724,4","16951335,3","203674703,8","127768769,9","66040652,5","7796537,77","2068743,67","25928992,21","28874848,64","22913953,46","203362,05","1865203,26","1769259,22","2123070,65","12374787,72",0,"1,207978229",155124335,134316946,81488481,39717915,2155918,10912678,7334,66,5
Perugia Stranieri,2022,69,"51,2",13,"58,2",32,"52,7",5,"59,8",19,"41,8",5,36,157,11,73,158,260,26,131,100,955,265,686,"80,19323671","8,959537572",256,"76,953125","94,140625","92,40506329","61,2244898","77,27272727","13,85507246",567,"53,8","41,4",34,"61,76470588",10,"33,4",0,47,24,0,35,0,3493800,"549,2","28881020,03","15554300,82","1923998,18","14930580,52","434744,3",188476,0,"25593044,58","17297121,13","2528828,97","3287975,45",38317997,2981851,21335809,4113507,17023030,199272,17470351,12484853,3909090,763694,312714,3865458,3461989,453831,106287,0,101378,2800493,651518,0,"1,334562753",15492978,14564805,10767171,2522369,0,1275265,10639,1,0
Piemonte Orientale,2022,431,"50,7",99,"58,9",208,"51,3",30,"54,5",94,"39,4",74,34,313,841,505,341,1867,180,4439,3856,14750,5080,11333,"61,10150654","9,87002437",2142,"62,97852474","86,32119514","92,67701261","73,68421053","87,1459695","34,18097448",1701,"66,6","68,9",271,"83,39483395",31,"32,16",649,219,56,0,142,37,"22534294,64","1029,61","148050704,4","80309766,18","16801632,94","78803675,86","777594,11",40394,"685152,21","147249369,9","100970858,2","22728034,02","801334,53","152848799,4","21146071,41","128127858,5","27121646,01","97304964,11","3701248,33","103987533,9","49306569,32","43093595,58","6700360,22","4887008,77","24140324,56","20513702,23","17645473,5","632919,59",891268,"877201,37","466839,77","6607943,78",0,"1,50983182",71350671,62094822,38392071,18020593,308378,5367779,7391,24,4
Pisa,2022,1604,"51,1",401,"58,6",778,"51,9",96,58,329,"38,2",460,"33,8",1570,1884,2063,1630,6929,1291,9384,6866,43819,12300,27281,"71,326707","17,50569266",7332,"47,36770322","73,00872886","88,7054735","73,1092437","88,14187401","27,31857855",5911,"56,6","77,5",1108,"83,75451264",260,"31,41",1380,662,698,255,578,607,67315552,"880,07","573188430,9","250802521,1","53106292,61","246522022,4","3321021,33","251659,18","535421,72","581721502,3","381522045,4","71442175,69","-8533071,33",474465350,0,405512751,99876044,279239945,26396762,397202260,216781402,135946956,19904720,24569182,8310491,64849737,54778587,3907295,2247938,2222709,1693208,35026307,"6,03667913","1,151842561",237401156,210598021,120219174,73007832,1249350,16097353,7039,174,13
Reggio Calabria,2022,275,"53,2",45,"60,8",128,"54,4",49,57,53,"40,2",33,"35,4",165,59,301,164,555,57,1108,891,4989,1258,3521,"71,85628743","13,96694215",567,"44,44444444","63,13932981","93,08411215","56,15141956","69,67509025","18,14181818",12,"58,7","77,8",91,"91,20879121",31,"32,45",5,241,0,0,0,1,"6393530,44","544,28","61531688,2","36102386,73","7198435,83","36089344,11",0,"9042,62",4000,"60814838,99","45841810,77","5942383,00","716849,21","82996195,58","9480938,46","59924828,72","10184450,18","36346962,26","13393416,28","47554569,73","31248332,06","13299148,87","2393463,84","613624,96","12370258,99","7144681,67","3039386,79",0,"92978,2","834743,24","3177573,44","3039768,51",0,"1,186644711",33993046,30299917,15406400,10023793,1587543,3251288,8014,18,0
Roma Foro Italico,2022,70,"52,3",13,"60,7",43,"53,7",4,"49,5",10,"36,7",10,38,105,6,80,103,197,8,614,495,2341,859,2003,"82,414307","8,389261745",529,"81,09640832","89,60302457","83,73015873","76,8","81,72043011","33,42857143",451,"39,9","55,9",43,"86,04651163",9,"30,56",0,0,0,0,0,0,"3727738,61","792,16","24298358,08","15379322,13","2983162,23","15207650,59","79246,69",0,"92424,85","22255560,15","16929652,54","3809620,62","2042797,93","29640601,38","2978733,85","21126268,87","4222477,66","16854319,61","49471,6","17067490,35","11345028,57","4973803,02","377961,27","370697,49","4058778,52","3341022,61","2263431,98",0,0,"256840,25","820750,38","881455,05",0,"1,414235251",15310416,14534582,10281478,2904265,0,1348839,6485,2,0
Roma La Sapienza,2022,3576,"52,6",905,"58,7",1517,54,357,"59,5",797,"40,1",960,"34,3",3652,4378,4514,3651,13129,581,24051,18486,109839,33504,78463,"76,90258611","11,68521874",18992,"57,88226622","81,79233361","89,21254981","71,73010381","85,3384304","30,66694631",21747,"57,3","60,5",3612,"84,33001107",875,"33,11",3950,874,2104,759,609,1890,"130600409,7","842,75",1402584057,"615571906,9","117505070,8","595547055,9","13978330,5","1490206,84","4434183,64",1373732932,"789413900,9","111708995,59","28851124,92","991364797,9","69065705,95","880317964,6","177527381,6","682369820,7","20420762,41","791157075,7","491809035,3","261739858,3","28595568,57","9012613,54","89160888,97","116819770,8","97829567,48","6240116,27","5232597,16","6450451,34","1067038,57","60707610,75","0,7587693183","1,236952629",572634266,494707224,298726632,152948513,9829665,33011131,6905,207,14
Roma Tor Vergata,2022,1329,"53,2",334,"59,4",544,"53,4",230,"56,9",221,"39,8",293,"34,4",919,1669,1619,973,4719,399,9672,7102,31481,12420,24210,"70,98546042","10,9543526",4989,"58,16796953","80,27660854","90,39482798","74,14330218","84,75783476","23,68171558",4901,"56,6","60,1",1444,"73,68421053",286,"34,16",1479,400,978,198,320,586,"36836109,58","845,98","384479591,5","220818681,6","35918025,73","212934401,1","6046548,46","983407,01","819985,11","384601792,5","290824273,4","44563046,85","-122201,03","115481613,5","1871164,98","330933637,7","70209334,81","238694308,6","22029994,3","315896335,3","185256724,5","98638821,07","25313952,31","6686837,39","15037302,4","37377715,09","25392417,47","4810737,54","2502321,11","2382330,89","2289908,08","32831619,72","7,1536678","1,120021162",179815282,155338554,85081094,50887023,6264361,12984173,6989,86,10
Roma Tre,2022,979,"51,1",315,59,397,"50,7",48,"54,8",219,"39,6",229,"34,4",727,290,1208,725,2525,320,7930,6344,32586,10173,23392,"72,51136938","11,39217877",5028,"49,46300716","76,849642","91,79883139","63,75796178","82,78884462","33,27272727",5965,,,521,"94,04990403",164,"31,59",0,297,322,0,0,0,"31414450,69","726,02","292022828,2","144530966,6","29461374,53","142207024,2","2023930,7","173945,82","91005,68","308882892,5","188591895,2","39638603,99","-16860064,3","272948542,3","6280811,53","210602363,7","39598335,77","161211452,8","9792575,05","194986771,1",120708190,"51557674,13","16275526,18","6445380,82","15615592,52","33351060,88","28248799,24","1936610,15","894166,09","1732780,14","538705,26","6247274,89","8,380720628","1,177204456",149688136,124134997,72670915,37412180,3742094,10236988,5478,38,5
Salento,2022,650,"51,3",119,"59,3",292,"52,2",100,"52,9",139,"41,2",261,"35,3",492,119,903,495,1733,162,5140,4015,18726,6220,13296,"69,96916752","12,00190885",2918,"55,24331734","77,62165867","93,83938394","59,41605839","75,69444444","28,82307692",2172,"88,1","39,2",390,"85,12820513",84,"32,96",56,0,92,0,0,145,"16124751,46","502,58","160074712,4","89720219,69","12760786,29","87391356,42","1884527,03",0,"433516,24","159515820,5",116387176,"21332850,34","558891,93","110825386,3","12242906,61","135135695,8","23152787,34","107360712,4","4622196,01","117950317,9","78099127,65","28676786,34","6010736,7","5163667,2","17185377,86","13487946,88","9845623,62",348321,"40699,67","969425,59",2283877,"9664840,46",0,"1,202651461","92888719,09",77853187,44786687,22039398,4018496,6930407,6350,36,3
Salerno,2022,1075,"50,8",301,"58,3",488,"50,8",66,"54,3",220,"39,4",235,"35,1",636,881,1302,639,3068,257,7285,5832,33533,9176,22133,"77,83525667","11,07045959",5771,"51,01368914","74,61445157","91,94418605","66,40755136","77,13235294","31,2027907",4328,"69,5","58,2",607,"82,20757825",179,"33,7",557,39,80,0,32,35,"30713385,33","593,74","312050751,3","162706988,3","28158219,68","157025002,6","5205902,93","147670,68","328412,09","306323719,3",204545238,"39479285,44","5727032,03","256304898,2","16442361,86","231867883,8","46345114,71",174549479,"10973290,09","207446016,1","123091801,3","63168374,98","12504400,16","8681439,64","24421867,7","29939248,47","21867382,92","160775,12","582093,19","1687704,67","5641292,57","16405866,24",0,"1,324485681",162085571,141422066,88640551,41152427,704223,10911161,6771,71,1
Sannio,2022,209,"50,9",48,"58,6",103,"51,2",22,"52,8",36,"38,3",51,"35,9",144,57,239,146,515,73,926,779,3758,1129,2459,"63,80952381","12,81455672",642,"47,81931464","70,7165109","91,11470113","55,60344828",75,"17,97607656",311,"63,5","43,7",116,"81,89655172",33,"32,39",0,0,0,0,0,0,"2782372,28","737,55","51827128,41","30494878,25","2507551,51","29471024,24","816630,6","37690,04","169533,37","56767491,02","36514943,63","4999415,61","-4940362,61","23749154,58","417620,16","38725800,52","7059177,75","30057293,11","1609329,66","36723527,02","25514079,67","7628325,7","2491126,1","1089995,55","2002273,5","2814776,01","2471932,45","32403,73",0,"286717,41","23722,42","4244401,74",0,"1,093642621",29271280,24318202,12780356,7491550,1458457,2559458,8637,10,0
Sassari,2022,642,"52,1",143,"59,8",272,"53,8",67,"55,4",160,41,67,"36,9",506,1034,703,515,2419,164,3100,1970,12483,3768,8295,"66,22897005","15,52673858",1986,"55,63947633","77,24068479","90,49652963","60,6361829","81,47448015","19,44392523",6208,"69,8","63,9",280,"90,35714286",61,"34,41",726,0,11,0,0,75,"9163761,2","436,49","209622332,9","116999489,8","7566175,68",113806583,"2058735,7","1082121,14",50000,"210765495,8","140733445,1","21912902,96","-1143162,93","94583417,72","14417981,89","143538405,3","22433171,99","120336756,5","768476,87","124612314,4","70373506,78","48827762,26","4633155,03","777890,34","18926090,9","7761504,24","5265451,32","268659,04","705098,83","702391,73","819903,32","14671667,75","1,045478601","1,219369387",80662504,71878311,40795953,22444709,2723570,5861079,8048,13,4
Siena,2022,758,"53,3",181,"60,7",370,53,84,"58,6",123,"39,7",149,"33,8",803,1708,903,811,4080,666,3086,2283,15617,4294,10970,"76,19663648","11,11502244",2807,"57,57035981","79,33737086","92,29893778","66,79920477","83,80202475","20,59894459",3959,"77,7","47,5",549,"84,88160291",137,"31,03",958,210,342,125,222,264,"23219650,38","1097,09","281945097,1","137371909,7","22770925,26","133211091,6","3228358,25","728505,1","162141,44","269800714,6","183719802,3","31029895,80","12144382,52","64142868,32","13228175,25","192803442,1","39173568,58","149016581,1","4613292,46","180225318,7","103308693,2","67058763,96","6715364,3","3142497,26","12578123,4","24967631,61","18239737,29","1747981,24","2471551,49","781243,74","1727117,85","14205936,97","15,70060395","1,129675437",124549189,108531946,58554640,31021103,10677734,8070683,7688,46,9
Siena Stranieri,2022,78,49,19,"58,4",24,"51,5",3,53,32,"41,1",25,"34,3",120,0,100,136,243,9,387,271,1848,502,1233,"78,88888889","8,084486526",396,"56,56565657","84,34343434","91,2596401","58,33333333","81,57894737","23,69230769",1379,"55,6","43,5",37,"86,48648649",14,32,33,41,11,0,44,11,"6578480,04","883,46","28119604,9","12984245,87","5889504,46","12888204,31","51041,56",3000,42000,"28249606,09","19963463,77","3988187,41","-130001,19","3425164,21","29357,18","22289106,64","7332465,26","13647795,99","1308845,39","21130702,69","13352332,39","5044437,33","940035,81","1793897,16","1158403,95","6719706,83","2663762,25","141226,79","49500,26",0,"3865217,53","612758,43","19,78278233","1,100115731",13383468,11054684,6614174,2926835,0,1513675,6281,0,0
Teramo,2022,259,"51,1",61,"58,4",108,"51,6",37,"54,9",53,"38,9",56,"34,2",195,37,315,190,816,225,1175,803,4868,1418,3441,"67,16101695","13,56335515",848,"61,08490566","77,59433962","92,5245098","46,78111588","68,35443038","18,8030888",1069,"75,7","55,7",173,"91,90751445",48,"33,27",216,200,267,80,99,211,"7528184,06","826,35","62625738,23","31843773,57","7164879,33","31472964,17","370809,4",0,0,"64258403,3","44421198,22","7205652,53","-1632665,07","32915851,14","608206,01","48650501,75","12051929,74","33593183,05","3005388,96","46197233,33","28977729,35","14043999,81","2467202,96","708301,21","2453268,42","7151010,77","3996522,29","556200,18","448549,75","477887,14","1671851,41","4900918,97",0,"1,159938448",32438425,27935033,15993318,8948559,147639,2842644,7898,6,0
Torino,2022,2279,"50,3",566,58,1059,"50,6",161,"55,7",493,"39,2",572,"34,6",1771,3983,2851,1914,9539,833,17353,13227,78468,23203,55767,"78,04640597","14,32018594",14188,"64,58274598","84,98731322","88,51912187","68,90636169","85,33762058","34,45590171",34596,"56,8","37,5",1177,"87,59558199",291,"31,64",2880,1320,711,449,866,633,"102576659,9","961,89","854522259,4","395009619,7","87396992,8","379972496,4","8065966,67","5071891,74",1526362,"848225297,5","579696684,5","117072695,38","6296961,95","614051680,4","28775317,33","596878424,6","136681741,7","442180300,7","18016382,26","550317023,3","287157260,3",232243839,"23917660,74","6998263,18","46561401,36","94079224,19","81038624,94","5038066,45","3206372,42","2044202,83","2751957,55","42602517,52","3,190932227","1,292809064","368494634,7",309201348,185338963,99181683,1697251,22950423,6286,93,11
Torino Politecnico,2022,1113,"47,8",334,"55,3",433,"49,4",45,"55,9",301,36,411,"31,6",853,429,1476,885,2890,113,5653,5503,34299,10549,23963,"82,39887865","8,32867764",7794,"41,64742109","79,17628945","90,35329837","86,30046327","93,51241764","30,81761006",24117,"42,2","62,8",1278,"91,15805947",251,"30,67",0,79,197,0,16,92,"36673519,03","850,95","447902754,4","195668268,2","31540376,38","189013691,4","2953817,94","523844,78","2336459,94","448120195,4","280362969,7","54273589,32","-217441,01","348022057,2","9582510,03","317193664,7","101022261,1","203379899,8","12791503,85","297753320,2","169139110,8","99679869,23","26883075,41","2051264,74","19440344,54","31742035,22","29595113,24","188513,95",10450,"1541337,1","406620,93","69280225,88","6,741657394","1,281265458",189870405,161514340,100351400,51937174,0,11485784,7648,139,1
Trento,2022,802,"49,6",236,"57,5",355,"49,7",20,"57,3",191,"39,1",355,"32,8",720,498,1157,781,2564,143,3326,2881,16677,4908,12794,"86,93353474","7,817450124",3830,"69,11227154","88,19843342","92,09366391","71,54150198","91,02296451","20,7967581",18652,"58,8",44,763,"95,15072084",220,"30,24",22,74,25,0,55,24,"23071542,8","1117,15","249053882,5","140890480,2","19733980,44","137194205,6","2255585,03","545873,56","616337,77","220624406,9","195968283,4","46692232,33","28429475,53",150860283,-4055846,209455095,49778790,153818485,5857820,208218135,116767068,70390066,18873990,2187011,1236960,20629278,19030930,178367,271061,571106,577814,29149512,0,0,28223085,9320862,1452755,0,0,7868107,6382,77,5
Trieste,2022,726,"52,6",152,"60,2",347,"53,1",85,"58,6",142,"39,6",125,"34,1",619,926,849,634,2685,311,4108,2973,16678,5236,12337,"76,60424469","10,55725971",2886,"61,88496188","83,50658351","88,22679668","75,33678756","89,56521739","22,96831956",3448,,,495,"89,49494949",108,"31,07",766,157,153,0,60,108,"22523252,6","997,63",245154721,"138620074,2","20129534,37","129525084,7","6170454,51","664690,97","829494,03","234934176,7","157317636,7","30894242,45","10220544,3","70533177,58","5847079,09","173093242,3","27921652,93","138128179,5","7043409,8","163203026,7","90481586,66","60562964,9","11333240,76","825234,41","9890215,53","20180918,34",0,0,0,0,0,"7740734,59",0,"1,204930419",104862144,91456190,51604139,27941646,5013514,6799329,7422,48,8
Tuscia,2022,359,"51,7",77,"59,6",165,"53,3",29,"56,3",88,"40,2",108,"35,7",268,184,455,294,1147,206,2002,1521,7696,2663,5603,"68,23049465","10,6626506",1466,"60,30013643","82,12824011","92,49628529","63,14285714","74,15254237","21,43175487",1177,"95,1","67,4",272,"91,54411765",58,"36,36",0,31,12,0,42,0,"8213371,77","764,53","96801701,83","53212413,13","6766174,29","49969951,11","2342803,14",111739,"776065,58","89581799,66","64245520,17","10235268,72","7219902,17","62919957,77","3775465,83","73052951,04","19166828,9","52537482,52","1348639,62","65981059,3","45769899,82","16916534,55","2358046,16","936578,77","7071891,74",7255113,"5942766,52","153563,33","36567,57","474645,93","647569,65","11911715,9",0,"1,131253972",51053281,41830411,23898833,13443079,220618,4263588,7356,18,1
Udine,2022,688,"53,3",163,"60,2",314,"53,7",104,"56,4",107,"38,8",155,"35,1",507,724,842,581,2528,409,3857,2890,14886,4836,11182,"72,48920086","10,66955922",2860,"66,15384615","86,5034965","90,62032885","82,23684211","89,08145581","21,63662791",3626,"70,9","67,6",270,"92,22222222",69,"31,46",561,422,58,85,227,58,23732452,"1201,7",209912305,"98978622,93","21422020,22","97442480,71","584186,75","861163,3","44792,17","212208776,1","141156992,8","26762799,70","-2296471,04",79233423,1162505,151127410,34304996,114966437,1855977,145179270,86884910,45404198,12108000,782162,5948140,23080085,18473361,1839781,838709,792948,1135286,11224911,"0,04610159267","1,153584747",88351498,78245371,44614680,26737295,457543,6426949,7204,36,2
Urbino,2022,372,53,79,"60,2",165,"53,1",50,"58,1",78,"42,1",79,"36,5",375,53,451,408,1296,413,3113,2564,14580,4077,10460,"77,07208638","9,073377688",2687,"59,39709713","82,47115742","92,91433147","69,45205479","81,99300699","39,19086022",1482,"62,6","60,1",165,"83,03030303",26,"32,19",0,340,58,0,256,19,"17720094,77","884,52","116695490,9","60557526,11","15113591,07","60210602,31",8220,"300966,67","36237,13","109686982,3","68849201,05","9148655,81","7008508,64","122346106,4","12567744,62","84267085,42","18833424,56","63703597,19","1730063,67","68685808,04","50307102,69","14785723,01","2534863,33","1058119,01","15581277,38","15548320,84","13355561,11","209874,53",26030,"708712,2",1248143,"3285103,72","1,513222443","1,269722672",61315582,54653689,34857853,14723927,251964,4815042,5982,14,0
Venezia Cà Foscari,2022,681,50,177,"57,6",299,"50,8",31,57,174,"39,7",279,"36,4",690,336,955,762,2329,273,4460,3672,20590,6971,15823,"82,86064426","10,00732064",5059,"72,01027871","90,2154576","90,09838811","69,28783383","87,5","30,23641703",13402,"43,3","48,9",393,"92,62086514",80,"32,55",0,368,299,0,332,208,"32749323,59","1268,57",302465882,"113731232,6","30290892,43","112411088,1","750707,03","69587,84","484849,6","310632385,1","162808467,1","32836359,30","-8166503,08","176288160,9","-210860,64","179990986,8","44120416,7",122173260,"13697310,1","173843379,4","99411410,04","59053086,42","11351559,68","4027323,3","6147607,37","31118465,3",0,0,0,0,0,"13001951,4","4,765185615","1,211884789",104285551,86959106,48529502,27961881,2792719,7620658,5458,20,4
Venezia Iuav,2022,176,"53,1",50,"59,9",76,"53,2",7,"62,4",43,"43,3",73,"35,6",242,128,249,243,789,185,993,809,4457,1580,3641,"91,06449106","4,317548747",1079,"64,50417053","91,38090825","88,77952756","73,39181287","90,54545455","25,32386364",2925,"55,1","49,6",115,"86,95652174",44,"34,5",30,48,88,0,83,77,8397208,"1496,35","73810521,69","39915197,2","8005070,28","37912574,24","1082594,93",0,"920028,03","75562645,35","51637734,22","13140620,92","-1752123,66",67068339,64213,50790152,11028385,37879723,1882044,50126154,29386985,17364350,2649424,725395,663998,8413670,"6826260,48",966622,"93012,01",418583,"109192,51",2614715,0,"1,264481143",33745461,28894507,16396009,6788375,3304185,2341639,7846,3,0
Verona,2022,838,"50,5",192,"58,5",396,"51,1",58,"55,9",192,"39,7",285,"33,6",767,2721,1120,806,5236,670,7193,4864,25863,9281,20441,"76,26916778","9,31836316",4737,"66,64555626","86,67933291","88,66183256","77,10651828","87,37201365","30,85918854",11529,"91,9","55,6",468,"83,54700855",118,"32,14",1991,732,203,0,531,259,34003326,"1058,66","343636844,9","183164228,1","35327312,29","178659942,8","29905,95","390347,01","3950732,27",350336044,"259468464,9","35352249,33","-6699199,02",179856541,4556672,280214648,64807564,186489936,28917148,268350643,125756031,125036256,16575743,982613,11864005,37783133,28054909,3779807,3276939,1506474,1165004,27024431,"3,698726828","1,236439521",124565041,105564632,59177839,36483370,624323,9266951,6124,44,1
Bari,2023,1575,"50,9",313,"58,3",660,"52,9",208,"55,6",394,"39,4",256,"34,3",1390,2174,1832,1415,5739,0,9768,7538,40686,11992,28090,"73,46698113","10,61028981",7084,"54,22077922","76,36928289","88,41084684","61,1752361","80,36976618","25,82349206",7324,"61,7","54,8",952,"92,75210084",174,"32,56",2121,154,139,350,120,107,43867780,"726,75","434280476,9","272587522,8","35362593,7","268940413,6","1825221,64","208452,84","976393,5","442430636,2","339575938,3","50039988,23","-8150159,35",346749523,13813729,344044034,68030012,267826519,8187503,323126231,194664732,111868856,13599198,2993445,20917803,38168609,27910864,984155,3222660,3051328,2999602,29861403,0,"1,246806595",226513212,199772924,114350098,61364933,4317746,19729828,6863,76,3
Bari Politecnico,2023,402,"47,9",117,"56,3",127,"51,9",13,"54,5",145,37,131,"33,8",249,187,532,267,1117,0,2036,1940,10190,2961,6975,"85,05074161","12,29080933",1902,"55,67823344","78,23343849","91,02422907","87,84722222","94,13793103","25,33830846",4991,"50,4","70,3",374,"82,0855615",61,"31,87",9,0,14,0,0,5,"9016731,62","658,71","132538903,9","61878800,17","7082659,11","60182493,27","1070488,51",5000,"620818,39","127711337,7","81525010,98","17945786,56","4827566,19","76682059,43","3681483,83","98708634,07","27262915,66","70735181,61","710536,8","91212604,2","50475618,16","25634225,1","7039615,62","8063145,32","7496029,87","7275078,62","6729080,84",52475,"27952,46","439525,72","26044,6","19987837,04",0,"1,299269649",58160174,50162262,28826665,15314102,577421,5442694,8299,35,2
Basilicata,2023,326,"54,7",56,"62,9",165,"55,7",47,"57,6",58,"41,4",68,"37,4",230,57,390,232,770,0,1176,867,5754,1418,3588,"72,37464522","15,5164428",832,"38,34134615","63,46153846","92,7613941","67,60124611","87,5","17,65337423",742,"58,5","75,3",159,"91,19496855",41,"33,05",35,12,0,0,0,0,"4390649,1","697,82","109458450,9","56006175,83","6056926,91","55499545,87","429610,47","30584,61","45734,88","85613631,86","61036097,76","12404311,99",23844819,"50303919,3","315319,28","68416110,15","10705642,94","56833816,78","876650,43","65425733,79","40288104,29","17280238,28","4887035,46","2970355,76","2990376,36","4390649,1","3778655,91",0,61030,"280736,15","270227,04","6314993,84",0,"1,310525524",39086872,34815507,16758699,12202006,930511,4922067,8985,15,2
Bergamo,2023,492,"48,8",129,57,188,50,25,"54,2",150,"39,3",89,34,310,123,580,316,1245,0,4478,3647,19863,6202,14864,"81,22324159","10,9541404",4486,"66,98617922","87,82880071","92,69985639","75,09259259","86,8872549","40,40650407",10628,"72,1","71,6",206,"88,34951456",52,"31,38",13,67,72,0,108,75,"18943866,63","761,57","170639356,2","92997244,01","16391657,59","92614344,71","160008,3",0,222891,"141573750,6","93603806,01","23022676,38","29065605,63","231676388,4","24853602,16","124905680,3","24283099,53","90668285,33","9954295,44","96327011,85","60201956,49","31962170,31","3283786,85","879098,2","28578668,45","15979895,89","13588738,25","574489,31","943437,81","644269,14","228961,38","8303203,64","2,168819066","1,453334143",84664818,74965431,46929700,19811038,746979,7475929,5601,8,0
Bologna,2023,3374,"50,2",932,"57,7",1435,"51,3",178,"57,3",829,"38,4",1363,"32,5",3121,3379,4730,3227,12262,0,17729,14557,86670,26948,67811,"87,48370881","7,293048554",19672,"69,72854819","89,41134608","89,99781134","71,22391778","84,28595803","25,52874926",81616,,,2599,"95,99846095",574,"31,59",2658,1092,650,535,1282,570,"138852261,3","1253,44",1343898028,"589006788,7","125330120,1","574864640,8","6733479,98","4113502,99","3051799,99",1258018952,"861802230,7","154062874,35","85879075,22","501295102,8","68050288,5",953501711,"240936347,8","689071494,3","23493868,9","859834972,3","469165543,7","306502400,3","39776318,6","44390709,7","93666738,74","131610739,7","108528640,3","6681478,13","5186062,03","9300809,42","1913749,82","109325608,1","1,314444163","1,26186624",514067685,440377417,242843984,150522065,5171645,41827363,6720,244,13
Brescia,2023,659,"50,3",187,"57,7",267,"51,1",53,"54,4",152,"38,3",171,33,541,1557,826,542,3446,0,4266,3363,16245,5118,12300,"78,46970794","10,37362637",2749,"61,65878501","83,77591852","90,1614143","82,08333333","90,16897081","24,64643399",5891,"76,6","71,7",350,"78,57142857",80,"31,86",1315,55,109,0,16,82,23033350,"1178,65","256615430,6","135404977,9","20199913,19","133862166,7",569629,0,"947111,15","250428204,4","171006655,2","28351579,14","6187226,19",180406495,6850866,178470660,32399951,140642680,5428029,168604076,83775386,71933304,9487742,3407644,9866584,21022562,17944255,352412,1614834,875043,236018,11377389,"0,08533132038","1,209070892",94951388,83330164,46375855,26935325,987628,9028996,7342,51,3
Cagliari,2023,1094,"50,4",257,"57,7",432,"52,4",117,"56,7",288,"38,3",80,"36,1",952,1755,1170,1003,4114,0,5950,4193,25306,7410,15883,"70,63029163","11,97107508",3547,"43,30420073","69,66450522","89,13565426","65,0210084","82,03723987","23,11243144",11574,"71,8",61,388,"87,88659794",87,"32,05",1338,19,29,176,0,115,"24386690,94","677,14","371186900,9","208233462,2","15351198,86","199397959,2","3379971,12","4530923,97","853238,29","341029767,7","225328823,5","36491916,87","30157133,23","216530523,1","10045130,14",257373611,"35549797,07","210357915,1","11465898,87","239969807,6","135533275,6","81735380,89","12727031,41","9974119,62","17403803,46","22090872,45","17938783,91","183884,5","1657222,03","1103462,37","1207519,64","13458924,62",0,"1,178029617",141271152,123312551,65142356,42127478,3138790,12896425,7574,49,3
Calabria,2023,883,"50,9",169,"58,7",428,"52,1",95,"55,7",191,"38,7",74,"34,9",612,162,941,628,2049,0,5360,4585,23806,6967,15707,"76,55462185","10,54324518",3976,"36,79577465","66,97686117","94,54545455","63,44884488","78,88372093","26,9580974",4880,"33,5","79,1",359,100,96,"31,67",11,30,690,0,31,264,"17179692,1","506,9",313394655,"163542216,8","16377492,65","161559629,9","1436393,18","62532,02","407045,39","310348701,4","201427631,5","43136667,51","3045953,64","160057773,8","18481386,69","238383436,6","38838920,95","171812350,8","27732164,89","212456552,3","103992267,7","81791848,78","19231635,65","7440800,16","25926884,3","17693315,91","12293568,82","513623,79","29956,29","1889367,67","2966799,34","21145605,04",0,"1,171943086",122342037,108405783,62958571,32702548,1233056,11508661,7104,46,2
Camerino,2023,317,"53,2",73,"59,6",129,"54,4",46,"58,6",69,"40,6",63,"34,1",256,129,379,271,912,0,1472,1079,5951,1769,4312,"74,20886076","12,94117647",1021,"60,23506366","78,06072478","96,05122732","76,25899281","87,75510204","18,7444795",2716,"74,9","61,6",329,"90,5775076",67,"32,67",147,57,413,0,1,289,"7293349,32","784,1","114699534,2","46884085,14","8590418,19","45082214,75","1573540,61","117020,8","111308,98","118173270,4","69794006,63","15049328,16","-3473736,21","54030408,23","3643199,31","81323552,71","15926377,94","57943497,46","7453677,31","74835475,05","42645929,19","23157898,05","7973343,31","1058304,5","6488077,66","8309987,79","4668169,67","2163006,47","438164,86","846666,79",193980,"7616390,15","4,483307135","1,137440856",47705918,40873667,22329148,11918387,1989849,4631527,9375,20,1
Cassino,2023,281,"52,6",78,"60,1",108,"52,3",43,"56,2",52,"39,2",19,"37,8",257,41,299,258,769,0,1981,1590,7387,2846,5724,"74,35561381","10,76581576",1560,"61,08974359","84,03846154","94,87179487","67,10526316","78,46889952","26,27402135",1457,"92,9","66,1",140,"82,14285714",28,"33,89",0,153,0,0,62,141,"14785184,14","529,5","79149112,94","38703791,84","17322812,45","38345548,75","177249,92",1800,"179193,17","70830355,22","55711344,51","5909441,18","8318757,72","-19700505,15","8201001,5","66495548,63","22364188,5","41235367,89","2895992,24","57808641,34","37866712,34","12911929,96","2594237,82","4435761,22","8686907,29","15899233,5","4304577,86","1114049,36",0,1587275,"8893331,28",6464955,0,"1,168299369",34137626,33458212,19036075,9766093,368233,4286931,6815,14,0
Catania,2023,1347,"51,7",350,"58,9",562,"53,5",99,"57,6",336,"39,6",187,"35,2",1111,2401,1527,1124,5515,0,9171,7534,38599,11226,25017,"74,20096322","11,69119278",5671,"39,975313","67,58949039","90,75064369","62,56529309","80,56052475","28,6644395",6841,,,701,"90,87018545",146,"33,01",1442,70,321,285,111,192,"44249249,94","575,18","478265876,4","235486762,6","36321518,89","233005025,8","1336164,42","269720,25",840390,436361521,"285385705,5","50251772,52","41904355,4","478296197,6","53451723,48","347539880,2",76022405,"260480476,8","11036998,42","287124014,8","162993344,5","102734088,7","10441451,23","10955130,4","60415865,4","37801578,46","29131446,82","526130,5","1724654,86","2025695,28",4393651,"38220826,54",0,"1,282525316",203243331,179590602,107598932,53011641,2024998,16950191,7658,83,2
Catanzaro,2023,344,"49,1",89,"59,1",135,"49,8",10,"56,9",110,"39,5",37,"37,2",214,938,381,243,1688,0,2848,1990,11713,3292,8236,"76,20059499","10,22604952",1704,"52,52347418","73,12206573","94,1875","59,7107438","80,10204082","34,00581395",1385,"44,5","57,5",243,"88,88888889",54,"32,17",876,220,218,135,34,112,14210720,"488,85","166738270,4","94284876,38","10398258,59","93206264,7","209732,4",85400,"783479,28","156808952,9","102783466,5","28379644,93","9929317,56",94286735,5650050,123020691,23152748,92119572,7748371,115404612,39949829,64471799,9718171,1264813,7616079,12332742,8432097,331051,1244427,921186,1403981,10820006,0,"1,505608035",60462224,53564710,34136405,13704192,516719,5206159,8612,16,0
Chieti e Pescara,2023,767,"52,2",217,"58,8",335,"52,8",55,"55,3",160,"40,9",87,"35,8",368,851,853,383,2283,0,4946,3567,21235,6420,15283,"78,57142857","10,79160802",4108,"59,3962999","81,20740019","90,46343424","58,33998404","78,55126999","27,67926988",7677,"68,7","74,1",421,"90,49881235",91,"33,48",630,73,195,0,13,13,"21512209,47","646,24","255415794,3",139031881,"16743120,73","138505576,6","218300,06",0,"308004,28","241934297,6","161436022,2","42758920,52","13481496,73",233375464,5842452,180322949,30035438,141664643,8622868,172596468,88126868,65917674,8219296,10332630,7726481,18241201,14936806,448474,872650,1422407,560864,11794237,0,"1,348036398","120656713,9",105123991,61058797,30888765,2541871,10628483,6796,28,1
Ferrara,2023,739,"51,3",193,"59,4",298,"52,9",42,"57,8",206,"40,2",169,"33,6",546,1348,905,552,3086,0,7882,6381,27600,9305,22346,"76,74647887","6,992224944",5578,"71,51308713","89,29723915","90,99886062","74,7300216","84,87928844","37,31529093",6933,"67,3","68,3",470,"93,61702128",125,"32,46",1036,110,327,186,137,347,"28253565,91","922,65","306186497,8","159148733,3","28532341,96","157537149,7","462605,79",10220,"1138757,79","265993946,4","170042730,8","32127118,39","40192551,38","307400719,7","40642801,8","211049534,3","45104450,57","159404581,2","6540502,61","165154398,3","87930450,38","66442989,98","6598950,87","4182007,08","45895136,02","29338807,68","24899552,54","1085241,73","1709599,46",1000633,"643780,95","15765642,89",0,"1,681881358",139003760,120423971,74928587,34639855,0,11214029,7109,76,4
Firenze,2023,1864,"51,7",384,"60,3",854,"53,8",117,"58,6",509,"40,2",807,"33,6",1500,3452,2670,1580,8022,0,13760,10611,56572,17292,39982,"76,30769231","12,5404249",9372,"54,67349552","78,553137","88,64284899","71,9521045","85,54463554","30,34281116",25536,"61,9","32,4",1156,"91,00346021",272,"32,26",2177,547,638,401,366,427,"59562645,27","923,13","746280002,5","382472228,4","63128677,96","375044042,6","6586425,69","140672,59","401640,06","675945058,1","453317260,6","85387087,08","70334944,4","925739980,2","24746099,19","503067072,3","133409599,7","350898628,4","18758844,2",463340786,"241760241,2","187206302,8","18676241,86","15698000,19","39726286,26","61948112,72","50185421,55","2385467,5","4357696,3","3734698,45","1284828,92","71461486,97","3,034371071","1,318422679","291771470,7",252489834,141273109,83987912,3008576,24213047,6801,154,16
Foggia,2023,430,"50,9",146,"56,9",157,"51,4",32,54,95,"39,7",34,"38,8",299,835,462,339,1712,0,3647,2617,13440,4473,10257,"76,41255605","9,145661387",1960,"66,02040816","85,66326531","92,48029109","65,54455446","80,40089087","31,15116279",15254,"76,3","64,1",323,"71,20743034",21,"32,95",550,34,0,0,0,0,17819907,"500,24","178686039,7","82309314,85","13572020,79","80264793,25","1965261,6",5500,73760,"162939381,5","96252700,34","12883807,52","15746658,22",74681380,8945069,110584838,21521610,87185303,1877925,100208805,50598119,36428103,7421471,5761112,10376033,15493647,8325211,155436,680794,1383779,4948427,6027963,0,0,64255659,55683371,31946064,17435462,254927,6046309,7190,13,0
Genova,2023,1422,50,357,"58,1",595,"51,6",95,"55,9",375,"38,3",369,"33,5",1192,1909,1782,1241,5727,0,8186,5895,32596,10576,23291,"75,67907445","12,12753019",5608,"59,82524964","82,50713267","88,53846154","74,85963818","88,91170431","22,90998594",16249,60,"64,6",1286,"96,6562986",302,"31,59",1488,427,308,270,385,341,"51085809,65","1255,35","529476596,7","254257135,8","43519799,71",248024731,"4297024,25","104330,96","1761691,17","502424232,3","340175021,8","53150237,32","27052364,44","417657790,3","20626329,8","373105206,2","94073640,83","259002766,9","20028798,43","341202656,4","205565537,6",115605007,"11591896,89","8440214,92","31902549,74","46996175,41","40184526,77","1954059,39",1434188,"1501753,67","1921647,58","47077465,42","1,445783351","1,158799575",205612406,182501316,97611572,60882412,5944722,18048402,6988,95,6
Insubria,2023,436,"52,1",113,"58,6",199,53,37,"56,5",87,"39,7",76,"33,5",348,784,512,369,1879,0,3547,2765,11804,3984,9133,"71,07712766","8,813434665",2245,"66,19153675","86,81514477","91,2026205","74,53271028","89,16408669","27,03440367",7698,"58,3","51,2",247,"82,59109312",53,"32,19",613,41,27,98,54,8,"22195280,02","1691,14","162752759,8","84327847,43","20121232,91","81726912,9","1824564,95","564652,13","211717,45","157901123,9","111539496,3","25970893,52","4851635,86","109253360,7","4311841,11","112995987,3","24818229,24","83382999,91","4794758,18","105324491,7","53727380,88","43775113,14","3700919,97","4121077,66","7671495,68","20274126,01","18289945,12","220099,97",1244656,"477803,98","41620,94","4544103,23","0,3654038772","1,349667643",65965193,58175601,33727515,17331632,653493,6461399,6862,32,1
L'Aquila,2023,640,52,183,"59,3",235,"52,8",63,"58,8",159,"39,5",131,34,446,733,769,444,2194,0,3975,2466,16864,5034,12363,"82,77198212","11,39358108",3147,"65,77693041","81,44264379","90,19033675","78,23383085","87,12220762","26,3421875",6957,"73,8","66,8",354,"78,24858757",75,"31,3",612,81,111,0,142,82,"13075107,82","520,42","206132631,9",121631755,"10236821,16","115913101,5","4332235,96","421638,64","955978,94","195226139,9","130368502,8","20975042,03","10906491,96","178683801,2","7024305,59","139566363,1","17476858,33","121052975,3","1036529,43","129139918,8","76741588,16","39603579,66","6366860,25","6427890,72","10426444,28","10130157,77","8537939,79","413895,76","288456,94","530451,25","359414,03","7346700,56",0,"1,194611264",96125750,86547763,47573422,24792320,6033765,8133835,7385,45,1
Macerata,2023,298,"51,3",76,"57,3",134,"51,8",31,55,57,40,34,"36,6",292,66,332,305,922,0,2209,1498,9226,2912,6900,"77,07930368","8,816120907",1894,"63,09398099","84,16050686","92,02939514","64,3258427","80,37676609","30,9261745",7799,,,166,"91,56626506",36,"33,61",93,13,103,0,32,70,"10939504,35","673,32","96357593,34","46610305,56","8486821,12","45994535,48","608174,49","7595,59",0,"91602798,93","57721086,75","11685971,62","4754794,41","82455547,06","5245234,68","64528234,04","12542873,96","50355638,52","1629721,56","56145454,39","40309320,12","13120400,84","2206176,38","509557,05","8382779,65","9615516,35","6562524,03",289444,"1898527,5","682765,38","182255,44","2927357,61","7,370756988","1,147334932",47227946,41151693,23655508,11420456,1215494,4857330,5656,0,0
Marche Politecnica,2023,653,"50,2",175,"58,8",256,"51,9",40,"55,3",182,"38,4",234,"32,8",548,1215,884,595,3206,0,3900,3009,15801,5187,11425,"77,65497357","11,73864895",2698,"57,00518903","83,46923647","93,26145553","81,21890547","89,44444444","24,18376723",6046,"51,7","41,3",355,"72,67605634",108,"31,67",915,132,73,133,60,40,"17275715,68","825,3","257556890,7","129036325,4","14065275,05","125877510,4","2769336,5","78559,7","310918,86","259129990,3","167877290,7","28896224,50","-1573099,63","117414755,5","429800,69","167245296,9","36041554,56","128411928,8","2791813,6","161273463,3",92329294,"57625684,12","8690316,86","2628168,29","5971833,64","14814617,55","12502453,69","456455,88","1078631,57",604882,"172194,41","21226937,01",0,"1,136088256",96447140,84597459,47024938,27430619,1001451,9138058,8225,41,1
Messina,2023,1160,"51,3",341,"57,2",409,"52,4",124,"58,6",286,"39,6",72,"35,6",791,1463,1230,792,3608,0,6665,4672,25152,8072,17465,"72,01772324","10,09076047",3506,"47,88933257","73,41699943","91,0884983","60,3219697","76,83284457","21,66465517",7177,"67,8","72,4",504,"80,15873016",97,"31,93",1429,47,91,277,44,104,25497027,"457,93",365286548,"183653612,3","21366991,55","181519279,8","991037,47",0,"1143295,04","390717566,1",220133223,"33239598,42","-25431018,13",337763058,7930504,253257844,36485221,204175006,12597617,238035109,133526489,80158761,18233455,6116404,15222735,21351802,14824783,404386,2550108,1556941,2015584,15133419,"0,05771644449","1,171760886",164420274,149330894,81358696,40835907,14170172,12932252,7860,60,1
Milano,2023,2537,"50,9",677,"58,8",1093,"51,4",164,"57,4",603,"39,2",754,"35,4",1999,4046,3268,2073,10301,0,13436,10201,59481,17754,43258,"80,84894946","11,56823193",11770,"63,59388275","84,85981308","88,36305845","68,49315068","85,97168597","23,44580213",30107,"52,1","76,7",1453,"94,21885754",274,"30,11",3889,167,208,779,211,264,"98015738,6","1269,66",1067896920,"526263096,1","84922808,23","517608961,4","80969,6","1913668,06","5856239,65",1012281306,"682380297,2","139065567,68","55615613,57","676103390,4","32059882,94","676173878,1","165689142,3","463616495,3","46868240,57","634455192,8","318709521,6",267639627,"28190152,46","19915891,63","41718685,38","89476983,11","74684777,88","1662812,53","7697035,29","3830240,21","1602117,2","76212159,17",0,"1,258208299",367381771,314821350,165506433,112913138,4257413,32134191,6420,189,7
Milano Bicocca,2023,1184,"49,8",287,"58,1",506,"51,1",79,55,312,"38,6",357,"33,9",880,1823,1491,913,4485,0,7819,5645,36794,10917,28401,"85,63158504","10,76787964",7281,"70,53976102","88,42192007","91,81499854","74,20479303","86,98224852","31,07010135",19444,"50,1","45,1",824,"93,44660194",219,"31,35",1312,520,130,0,477,133,"52494372,59","1208,42","502714289,7","239396507,7","48572342,19","236145394,4","227390,21","89898,7","2882718,36","428521412,7","304927456,4","64383938,18","74192876,95","243834921,5","7708385,35",322479923,"77479369,66","215704615,4","29295937,97","315909036,2",166573021,"128900677,7","16052102,16","4383235,42","6570886,77","49088980,82","41494059,39","2080558,76","2612890,34","721863,54","2179608,79","28390388,84","2,566104596","1,410073723",190405208,158527718,87323484,52896263,1859655,16443871,5981,72,10
Milano Politecnico,2023,1811,"48,1",488,"56,9",705,"50,6",73,56,545,"35,8",996,"30,8",1173,831,2806,1319,5692,0,8139,7470,48966,15857,39157,"92,48611794","3,792875989",13302,"56,92377086","87,43046158","86,10368787","93,4090403",0,"26,97459967",46344,"71,6","56,2",2375,"88,42105263",411,"30,05",0,0,0,0,700,391,"94695997,76","1925,07",1045635922,"397373380,9","95396530,86","381161418,9","1101888,95","588659,08","13860837,67","904977872,6","522746875,4","99789975,70","140658049,7","880892342,1","140203130,2","667262979,7","269315027,7","378503308,4","19444643,56","509131882,8","285284061,6","187581434,3","24296062,87","11970323,96","158131096,9","91141838,43","87297261,07","3733680,7",2000,"108896,66",0,"178173189,3","5,357366879","1,492073156",291353762,254306974,147623722,80610673,3039442,23025873,7725,214,9
Modena e Reggio Emilia,2023,978,"50,8",256,"59,1",432,"51,3",66,56,224,"38,8",331,"32,1",700,1942,1307,752,4170,0,5998,4562,26286,8162,19650,"83,72781065","8,00416941",5723,"64,3543596","86,70277826","90,47381546","79,00485437","89,13219789","26,86707566",16738,51,"78,2",676,"83,13609467",158,"32,92",1508,52,112,218,59,94,40573349,"1111,39","405764375,5","184582717,3","34825479,53","183532491,4","734639,55","121007,49","194578,8","351757791,5","238712627,7","43428776,84","54006584,01",215753836,44804289,261834998,64740618,177823057,19271323,235779975,121284031,90199131,8841464,15455349,26055023,36472372,30563841,808775,2590516,1791380,717860,28268246,0,"1,321477963",141903464,124955939,72456141,38817031,1463604,12215665,6788,75,1
Molise,2023,315,"53,1",96,"59,2",124,"55,3",18,"58,2",77,"40,9",54,"37,3",219,171,369,247,1043,0,1641,1048,6999,2060,5200,"79,7532656","11,21920927",1118,"56,44007156","79,24865832","93,69627507","71,01449275","82,85714286","22,21587302",1241,"37,8","56,6",160,"85,625",39,"35,67",96,99,86,0,21,55,"9734269,91","776,77","89545402,36","42798095,64","7882534,91","42557909,5",0,"111302,6","114383,4","90483339,67","57543115,28","8844876,38","-937937,31","25458967,2","1825206,45","63034742,3","12387378,75","49544780,77","1102582,78","58536369,88","40331281,43","13844393,04","2887202,99","1473492,42","4498372,42","8560089,91","5660607,44",0,"1757936,5",783920,"357625,97","3827288,84","0,4110622997","1,139505499",42557614,37653988,20094276,12467473,427931,4663285,8056,7,1
Napoli Federico II,2023,3050,"49,9",840,"58,3",1167,"51,8",155,"58,3",888,"37,9",512,"33,5",2391,3461,3538,2376,9899,0,16032,13337,73434,21735,50170,"76,64654226","8,284354345",13526,"51,00547094","75,6616886","90,34206943","64,4486692","81,12668744","24,00360656",17580,"47,9","61,3",2021,"82,13755567",333,"30,92",2292,197,624,629,133,438,"76269591,65","746,05",1050703152,"576262515,6","71968366,39","558525276,4","13509414,17","2740370,05","1405235,02",1015261110,"706660167,5","133936745,81","35442041,6","516738659,1","56292616,11","814567348,6","184969664,5","592077167,5","37520516,6","732834658,1","350407522,3","254622453,9","38669937,15","89134744,83","81732690,52","77831427,27","68336980,87","1561835,65","4349156,25","2913722,02","669732,48","107138237,3","3,094397779","1,22166703",466909920,403428326,221547095,135848016,6844332,39172525,7309,221,10
Napoli L'Orientale,2023,251,"51,6",73,"59,5",99,"52,2",3,63,76,43,43,"37,8",224,25,292,271,653,0,1661,1305,9427,2369,5391,"79,88653945","12,49646992",1872,"50,37393162",75,"90,78341014",60,"74,1025641","37,59760956",9212,"55,8","62,8",134,"82,08955224",36,"33,61",0,0,11,0,0,35,"3621101,28","410,01","77674016,72","47408306,64","4723296,43","45479495,33","1804531,69","120779,62",3500,"69624532,57","47430210,14","8090785,29","8049484,15","86485580,77","4881546,53","53742968,63","5239590,64","46491679,68","2011698,31","47355103,33","32606428,33","11620926,63","1727648,34","1400100,03","6387865,3","3721901,28","3278587,52",100800,"5876,77","296837,4","39799,59","1517689,36","9,902064155","1,227267777",47324975,40972300,24343430,11399120,429806,4798917,5663,0,0
Napoli Parthenope,2023,379,"49,7",126,"56,3",138,"50,3",27,"53,6",88,"38,2",24,35,288,14,394,300,762,0,4187,3431,13823,5172,10867,"79,70356204","10,34966671",2105,"62,66033254","80,52256532","93,58706986","66,28477905","80,12820513","36,40105541",1123,,,268,"94,7761194",55,"34,49",18,281,18,23,220,56,"8740478,97","600,21","111805347,5","59417114,78","8004693,23","58895086,32","12536,52","30248,75","479243,19","115204370,9","74447829,29","16383285,31","-3399023,39","190925210,6","4114354,89","87372649,61","14164117,64","65865164,62","7343367,35","80223185,57","49446181,85","21052673,56","6064656,03","3659674,13","7149464,04","8724346,97","7598661,59",307726,8000,"663997,38",145962,"5439770,67",0,"1,21593726",58320369,49942349,26886274,16182628,572575,6299504,6216,10,1
Napoli Vanvitelli,2023,1032,"51,2",300,"58,1",383,"51,9",105,"55,8",244,"39,5",173,"34,5",1315,2105,1195,1315,4794,0,5184,3675,23527,6378,17032,"79,49039265","11,15241636",3799,"58,62068966","78,1521453","89,96645319","60,04415011","78,88888889","22,7877907",5717,"84,2","40,6",989,"83,82204247",190,"32,24",1806,80,193,305,39,53,26644213,"862,42","354477921,8","197279588,7","28216372,72","195145051,3","1545969,99","33976,51","551590,92","348910412,8","250551894,5","29443453,32","5567508,95","254485157,2","17012362,71","278323060,2","49419497,02","208610714,9","20292848,24","251528680,2","145756975,8","87944291,55","11919791,15","5907621,73","26794379,97","26155953,51","21431513,19","76256,52","3441487,9","1081687,1","125008,8","23263543,51",0,"1,080967206",157515248,139992920,77167828,43332892,5422425,14056815,8555,52,0
Padova,2023,2705,"49,5",653,"57,8",1205,"51,4",123,"56,8",724,"37,7",973,"33,6",2351,6694,3676,2682,14615,0,15914,12557,72799,22815,54516,"83,55281436","6,460668565",14637,"54,32124069","85,21554963","89,72687097","73,66384522","85,55768704","26,8987061",58353,"71,6","61,2",2063,"93,89238972",493,"30,54",2955,1331,1342,0,999,1082,"114239096,1","1276,18",1128887154,"508670903,3","102176815,9","498107544,3","7209458,92","1935307,98","1115936,5",1097904927,692007608,"124198433,83","30982227,02","420836515,4","7534780,45","782153768,8","199452612,3","518155679,6","64545476,99","751976286,8","371360852,8","300700702,1","54831067,58","25083664,38","30177482,03","106215312,4","87746704,29","6808203,71","4427732,48","3801266,13","3431405,76","93237299,93","3,022825802","1,243273244",416194647,353749366,192454641,122477872,4098545,34708512,6979,316,20
Palermo,2023,1733,"50,4",439,57,644,"52,8",180,"55,2",470,"39,2",89,36,1365,2260,1822,1389,6162,0,11306,8777,44583,14467,33076,"76,55160541","6,415031593",7625,"56,03934426","79,48852459","90,81122062","67,22173532","80,30634573","25,71148298",23102,"64,4","46,6",1096,"86,31386861",165,"32,65",1622,11,198,323,24,146,"44690528,44","591,25",543908844,"300892955,9","37309020,91","291978462,9","6493104,13","848124,12","1560605,74","499190810,1","334394994,6","49624915,11","44718033,89","347824341,9","27323488,89","370490399,1","73645653,45",295150727,"1694018,66","332504497,6","209592870,2","113552106,4","6267359,08","3092161,91","37985901,54","37041595,39","25823201,48","598443,29","2313988,08","2921416,96","5384545,58","36604058,06","0,1962900078","1,156071592",240301954,212584799,125922625,63333253,3764853,19555070,7300,85,4
Parma,2023,1017,"50,7",251,"58,4",436,"52,1",68,"58,8",262,"38,7",248,"32,4",926,1241,1263,972,3781,0,7282,5885,31049,9893,23433,"78,49710983","9,674705552",5639,"64,40858308","85,68895194","89,5841139","72,67407841","86,28738147","30,51327434",9518,"72,7","72,5",607,"92,42174629",147,"30,72",1007,411,243,0,406,294,"41440519,23","1012,4","388124051,3",183450224,"34614351,74","182019045,9","901330,73",94070,"401593,81","367255752,2","235680914,9","48383671,70","20868299,04","253994139,8","16360925,94","258643326,7","56462760,98","192688333,6","9492232,08","235223524,9","134893262,5","85117744,97","11130852,41","4081665,03","23419801,79","37699094,26","31589443,03",2047456,"1604348,96","1187880,89","1269965,38","18763666,72","0,3629683119","1,272347882",161075978,139491976,84097546,40583955,1530226,13276592,7063,71,2
Pavia,2023,1040,"50,1",262,"58,3",413,"51,3",86,57,279,"38,5",303,"35,3",864,1784,1341,911,4897,0,6514,5197,27058,9135,20964,"81,38297872","9,29121893",4954,"67,09729512","86,89947517","91,71060958","71,35102533","87,57309942","26,07019231",15153,"77,8",52,875,"86,4",171,"30,64",1409,315,778,248,296,633,"42526101,02","1249,48",419899275,"200457827,3","40662291,66",194490217,"3610506,55","690680,52","1291741,05","414201720,9","269718080,6","52586823,88","5697554,15","313138710,4","13801942,01","284507931,3","63615946,77","213711265,3","7180719,22",262917376,134851354,"111871607,9","13062990,56","3131423,45","21590555,29","43114304,25","32225288,76",3232848,"3017756,96","3299905,95","1338504,58","20501642,52","0,01141658157","1,319273632",159583264,135347571,75863765,43998407,1615607,13865931,7396,86,2
Perugia,2023,980,"52,9",170,"61,3",510,"53,5",140,"55,7",160,"39,6",196,"35,4",924,1029,1176,928,3495,0,7862,6052,29036,9377,21472,"76,22894701","11,33869418",4535,"60,81587652","83,06504961","90,41253745","70,4496788","86,19374523","29,60408163",10834,"73,9","58,2",551,"93,82940109",144,"32,66",783,88,19,167,45,24,"28444538,62","806,73","354427104,1","181498521,3","26261368,81","179439333,7","1744767,52","123865,57","174644,58",317441928,"219129070,9","38076787,96","36985176,15","336289109,1","24170323,41","248770317,8","44729221,65","182121521,4","21919574,7","216658921,5","130744367,5","75460641,38","7818855,37","2635057,28","32111396,26","28675228,85","23262309,44","881954,19","1673834,43","1727666,62","1129464,17","16053992,8",0,"1,231546348",159693289,140693450,83499275,40920612,1542919,14726956,7467,78,3
Perugia Stranieri,2023,64,"52,7",15,"57,9",30,"53,1",5,"60,8",14,"43,5",7,"35,9",167,3,71,167,267,0,202,154,1023,426,745,"90,11299435","9,337860781",209,"62,67942584","87,55980861","88,94736842","62,93103448","79,61165049","15,984375",1334,"57,8","35,7",31,"87,09677419",7,35,0,28,20,0,30,18,"3473473,13","440,85","29950207,58","16075947,39","1843595,35","15571785,39",327562,176400,0,"26970705,56","18492188,65","2942415,02","2979502,02","40868001,22","2638016,13","21887260,39","4127989,53","17580120,21","179150,65","18830176,37","13669465,13","4037471,75","722711,95","400527,54","3057084,02","3442678,28","447378,25","124181,15",0,"94041,78","2777077,1","685311,25",0,"1,305348825",16659302,15596134,11049037,2805643,0,1741454,11977,2,0
Piemonte Orientale,2023,450,"50,4",103,59,204,"51,8",27,"54,8",116,"39,4",92,"33,5",328,861,542,359,1942,0,4242,3633,14657,4929,11210,"64,68940937","9,877040919",2374,"62,00505476","85,2148273","93,53696326","68,25938567","84,04255319","32,50888889",3202,"40,5","64,7",271,"84,50184502",47,"32,3",656,140,55,83,198,40,"21049180,05","1039,75","169430341,8","96435460,91","16206439,5","93295302,35",2366484,77850,"693424,56","147800382,4","109086203,6","24814936,06","21629959,47","167914692,9","15670480,01","132739365,5","29160877,28","100066329,8","3512158,45","113708606,5","55269847,03","45848516,15","6733786,98","5856456,36","19030758,96","19180978,52","16213371,98","764246,49",976439,"842272,88","384648,17","9979898,76",0,"1,457716515",76666800,68162997,40627713,19563344,737640,7232537,7415,28,3
Pisa,2023,1721,"50,4",447,"58,2",741,"52,2",89,"58,3",444,38,415,"33,7",1559,1950,2136,1649,7010,0,9488,7034,45244,12464,27443,"74,85305119","16,86635945",7039,"45,51782924","72,42506038","89,19449902","71,36306794","85,25547445","26,28471819",9620,"59,1","44,6",1154,"85,87521664",245,"31,4",1438,664,790,233,579,664,59585342,"895,31","626775059,8","281538832,3","52086343,2","274684667,6","4995914,3","1191662,02","458306,09","625154148,6",397142279,"72103467,29","1620911,25",474591187,62237,421937847,98876626,297021792,26039429,410268359,228078115,135449746,23204486,23536012,11669488,57053549,46427230,3771176,2371013,2477378,2006752,41823077,"5,599070863","1,163651017",258054806,221893481,118856186,77367489,2531180,23132576,7178,193,6
Reggio Calabria,2023,266,"53,7",44,"61,6",137,"54,4",41,"57,8",44,"39,7",8,"36,5",166,76,271,175,579,0,1074,856,4834,1273,3559,"76,90782953","8,480975893",664,"53,91566265","74,39759036","90,83850932","52,66666667","77,66323024","18,17669173",727,"94,3","73,6",98,"90,81632653",32,"30,59",11,0,0,0,0,0,"6304342,03","580,42","84445165,49","42342575,81","6158870,84","42177867,56","40350,39",0,"124357,86","69744231,24","48860310,54","6631602,73","14700934,25","88442592,06","5446396,48","58047479,61","9451632,76","44436316,96","4159529,89","50342778,24","31580575,3","14855470,95","3099738,17","806993,82","7704701,37","6196349,32","2887500,31",0,"2458381,16","735820,95","114646,9","3255283,44",0,"1,146375166",36003378,31770195,15371179,10563985,1478308,4353190,7993,20,1
Roma Foro Italico,2023,69,"53,5",15,"61,9",40,"54,6",4,"50,5",10,"37,7",7,"33,1",108,23,76,106,213,0,591,462,2440,846,1999,"86,11898017","7,244582043",504,"78,57142857","91,66666667","86,4118896","82,78145695","86,75496689","35,33333333",1225,"70,2","69,5",44,"86,36363636",10,"31,5",0,0,7,0,0,0,"3578609,09","820,44","25917132,06","16104309,35","2892782,89","15909630,48",0,0,"194678,87","23892319,33","18234035,79","4203994,18","2024812,73","32443841,61","2803240,23","21474770,42","3472513,08","17917577,98","84679,36","18106368,08","11979131,24","5313545,03","447208,18","366483,63","3368402,34","3190009,09","1922484,09",0,0,230525,1037000,"282503,99",0,"1,386516458",16719709,15632955,10550629,3224917,0,1857409,6553,2,0
Roma La Sapienza,2023,3658,"52,1",932,59,1509,"54,1",308,"59,7",909,"39,3",889,"33,9",3545,4915,4523,3570,13490,0,22998,17600,113457,32570,78112,"80,41401274","10,47213348",20100,"55,98507463","81,58208955","89,26325971","71,20293555","85,23364486","30,9300164",38481,"61,8","64,6",3909,"83,26937836",929,"32,86",3683,748,2197,347,735,1781,"123710779,4","885,29",1858973283,"706387839,4","117968009,6","688420811,9","12526436,85","1211930,05","4207460,56",1786890201,"851294344,4","131651115,48","72083082,62",1063533026,"72168228,18","926491892,3","206005024,3","695067868,9","25418999,09","848646789,9","506415181,4","298165593,3","29693340,73","14372674,48","77845102,39","120820545,6","100435069,3","8103854,97","4142840,7","7067159,15","1071621,56","85184478,61","0,6714629214","1,253979059",607449380,526735336,304681882,161869686,13409183,46742536,6882,243,9
Roma Tor Vergata,2023,1338,"53,1",341,"59,5",530,"53,7",210,"57,2",257,40,234,"34,3",906,1709,1570,1010,4688,0,8014,6001,31555,10302,24263,"73,23462415","8,50737956",5404,"58,67875648","81,69874167","90,10739364","75,99746675","86,55126498","23,39461883",9860,"41,2","52,6",1671,"75,64332735",309,"33,93",1308,404,785,162,274,559,37488116,"889,34","448592327,4","264229690,5","35927595,92","259880364,2","2487669,05","1016907,42","816904,77","421318128,3","312783179,3","46370334,29","27274199,11","123705313,4","8207169,77","341144789,4","70094511,01","254350612,7","16699665,7","319028056,7","187890934,5","105901572,7","19015424,9","6220124,55","22116732,73","36670795,26","26138083,34","4571123,22","2664069,08","1875087,07","1422432,55","33423715,75","6,779567041","1,13086542","188015307,4",162228102,86006204,53079587,5314019,17815591,7006,88,10
Roma Tre,2023,996,"51,4",352,"58,4",388,"50,7",46,"55,3",210,"39,9",191,"34,3",751,266,1185,744,2488,0,8899,7051,34541,11401,24817,"73,18604912","10,70267458",5259,"50,56094315","77,31507891","92,82868526","64,14728682","81,0738255","34,64658635",15167,"55,2","55,7",576,"85,41666667",156,"32,1",0,0,28,0,0,0,"30406975,34","731,23","311090432,5","150706821,1","29891252,28","147916992,7","2134315,08","176841,29","459944,11","320574368,6","194077784,5","37825829,80","-9483936,16","276193123,1","3244580,78","218260838,1","37716185,27","174254324,2","6290328,67","205698086,5","128579271,1","52266749,42","16172390,53","8679675,47","12562751,66","32265083,57","27295395,22","1858108,21","744137,6","1781824,62","585617,92","5451101,7","7,960063076","1,187063468","155927835,5",129794685,72777404,41531875,1684399,13796981,5519,40,2
Salento,2023,636,"51,8",133,"59,4",281,"52,4",90,"53,4",132,"41,6",211,"35,6",494,146,844,501,1651,0,5626,4382,19602,6858,14252,"75,04624491","10,65139473",3183,"52,74897895","77,34841345","94,03950954","59,3902439","80,08474576","30,81761006",4874,"89,9","55,8",434,"84,10138249",72,"32,42",43,55,91,0,20,80,"15530669,22","529,05","216823139,3","107301342,8","11678166,97","105122205,5","1210638,33",0,"964248,93","171925127,1","121105466,2","21710998,83","44898012,23","123971561,9","13272314,99",145764786,"25713221,87","117180481,2","2871082,95","126993539,2","84727810,21","30494796,4","7356764,42","4414168,13","18771246,86","12446109,89","9741948,8",203251,"40121,17","989062,92",1471726,"13267111,98",0,"1,173769903",92315457,81003446,46449099,24494364,923565,9134211,6487,38,0
Salerno,2023,1125,"50,7",310,"58,4",492,"51,2",64,"55,3",259,"39,3",216,"35,3",693,1033,1339,695,3323,0,7117,5862,33800,9139,22413,"80,68034277","9,757089962",5953,"51,85620695","74,70183101","92,37659963","65,05652621","79,68051118","30,01511111",8122,"64,2",57,761,"81,4717477",149,"33,4",641,49,73,0,28,68,"30037941,72","589,92","342452900,8","171528208,5","28052145,04","167847367,1","2895413,53","198967,6","586460,3","335303744,2","220069286,7","41338309,74","7149156,59","268701631,8","12396929,45","248295434,8","52331482,89","188208132,3","7755819,61","228487172,5",135537411,"67637377,62","13738824,94","11573558,89","19808262,39","30225852,1","21592998,69","187910,39","681554,31","2413398,21","5349990,5","22105630,79",0,"1,281573382",172218300,148825370,88118137,44388865,1673691,14640677,6827,77,3
Sannio,2023,204,"51,7",49,"58,7",101,52,22,"53,8",32,"38,8",13,"33,9",140,44,213,141,471,0,937,826,3618,1174,2465,"71,2890625","11,90770499",688,"49,12790698","71,65697674","95,49689441","57,32758621","76,06837607","17,7254902",506,"56,8","50,4",120,"84,16666667",34,"33,12",0,4,66,0,0,15,"3075511,6","715,68","63122599,23","34455434,14","2760895,55","33534221,37","873046,1",0,"48166,67","63961192,4","37343449,11","5747086,73","-838593,17","23782109,28","32954,7","41569894,61","9931125,54","28312023,34","3326745,73","39920731,4","26670683,16","9397731,54","2895085,41","957231,29","1649163,21","3120158,36","2758359,74","44646,76",0,"309637,4","7514,46","6810967,18",0,"1,104880109",30506789,25458315,13046114,8163346,797493,3449456,8952,11,1
Sassari,2023,676,52,159,"59,7",258,"54,3",66,"56,3",193,"41,2",41,"34,4",483,1026,715,503,2406,0,3030,1932,12345,3684,8115,"69,59600167","15,03049833",1949,"56,08004105","76,85992817","90,27389603","63,39434276","81,78438662","18,24704142",9302,"65,7","56,9",271,"90,03690037",65,"32,55",660,0,9,161,0,1,"8747731,66","450,83","228526630,3","123830645,6","7139073,3",120915353,"2228998,07","678994,52",5000,"212862085,9","143066199,8","21111125,20","15664544,41","105304621,3","6815695,31","151488287,2","24555329,76","126019359,8","913597,65","138802072,6","78172056,3","51523807,23","6850862,98","2255346,1","12686214,6","7193075,9","5410761,49","79303,66","586668,79","568153,98","548187,98","17362253,86","0,9920109527","1,233133173",83928062,74907925,41167722,23955328,1715891,8064883,8309,17,1
Siena,2023,803,"52,1",198,"60,4",344,"53,4",74,"58,9",187,"38,4",146,"33,7",801,1651,946,826,4068,0,2954,2200,15279,4086,10556,"79,98027613","10,44829434",2911,"55,41051185","80,14428032","90,62273715","68,74350987","83,44017094","19,01494396",6202,"59,3","40,4",615,"86,82926829",165,"31,35",932,275,246,0,202,315,"21413278,29","1092,65","303240647,3","143744779,6","23398043,48","140256598,2","2350204,46","877221,63","215273,23","292541621,9","195262468,4","35804161,69","10699025,33","71802249,77","7659381,45","207429265,4","46962535,8","158496551,1","1970178,45","193561377,1","109286553,1","68116225,17","7825187,8","8333411,1","13867888,24","23415879,86","17177751,3","2002601,57","2328157,66","907047,68","1000321,65","23546655,94","15,72700323","1,120281968",125398891,112693826,57946927,33391525,10166590,11164486,8555,54,4
Siena Stranieri,2023,80,"49,6",19,"58,6",28,"51,6",3,54,30,"41,5",35,"33,9",138,0,114,145,268,0,430,331,1722,524,1101,"71,70868347","7,407407407",405,"58,51851852","87,16049383","87,74509804","74,6031746","67,9245283","21,525",3645,"61,7","60,8",39,"82,05128205",14,"30,93",29,55,7,0,41,10,"7023211,75","874,27","32512776,95","15263575,28","6627969,5","15059405,57","102169,71",27000,75000,"31525762,64","22510865,72","5366311,33","987014,31","3519158,06","93993,85","25133045,11","7744666,38","16187882,66","1200496,07","23796176,42","14397943,53",5986072,"983090,17","2429070,72","1336868,69","7167777,27","2268710,9","144565,52","43846,66",0,"4710654,19","576889,11","17,74923582","1,12032793",13143689,12054336,6787321,3244770,0,2022245,6862,0,0
Teramo,2023,264,"51,5",64,"59,2",107,"52,3",35,"55,8",58,"39,1",54,"34,6",189,32,318,189,764,0,1200,844,4888,1435,3485,"69,8019802","13,33728512",894,"60,40268456","78,29977629","92,64018692","56,61764706","78,37837838","18,51136364",2743,"80,8","54,8",151,"89,40397351",54,"34,22",213,73,252,90,172,185,"7569606,29","827,59","73765360,01",33506342,"7107368,04","32627430,29","591536,1",8200,"279175,61","68895057,83","47352111,74","7843131,65","4870302,18","32919847,19","70812,94","52529711,25","13016215,28","36511052,89","3002443,08","50427822,66","31738966,35","15088787,21","2565305,28","1034763,82","2101888,59","7662462,65","4224090,63","928468,36","599211,66","655128,72","1255563,28","5353752,63",0,"1,10200377",32740745,29298764,15802213,9299435,336527,3859785,8162,8,0
Torino,2023,2377,"50,2",602,"57,6",1067,51,150,"56,5",558,"39,1",641,"34,5",1898,4165,3014,2059,10052,0,17311,12910,78655,23466,55421,"81,65709331","13,68047086",14664,"61,87943262","84,09028914","88,55280115","68,85549133","84,44969792","33,08708456",47644,,,1298,"92,21879815",264,"31,38",2980,1383,798,454,973,626,"100704575,2","970,07",1034498705,"451003780,6","85882267,36","436892629,3","9137637,04","3882787,2","1068171,15","930079893,6","622935533,3","134562241,64","104418811,3","614784713,1","2890274,56","626948088,3","145550181,1","454564961,8","26832945,43","601446857,8","307392296,6","251853967,8","23969508,21","18231085,17","25501230,51","91832031,48","79283140,81","4828482,9","3397103,7","2038621,61","2284682,46","53718149,6","4,561718583","1,262816923","383673024,6",330642813,190404933,104440128,3937936,31850404,6399,130,11
Torino Politecnico,2023,1220,"47,2",373,"55,3",404,50,41,"57,1",402,"35,9",425,"31,2",888,607,1589,1010,3319,0,5267,5123,35297,10452,23949,"87,66285829","6,959512015",7733,"41,21298332","79,32238459","90,54920546","86,11210282","93,40040241","28,9778507",33910,"85,6","59,7",1462,"91,58686731",263,"30,49",0,35,40,0,29,42,"38208125,82","884,47","527107889,5",206951811,"31932401,61","201641152,2","1688516,32",49619,"3464088,32","486826199,3","304456711,9","57561448,70","40281690,17","368440840,3","20418783,07","360007624,2","129665836,5","218188325,1","12153462,63",336257543,"184438248,3","114833429,1","27986554,85","8999310,82","23750081,23","33363331,16","30951541,08","202996,66",21959,"1760411,33","426423,09","96302505,29","6,26249236","1,346794365",204091651,177427955,103798927,55347107,2086873,16190060,7730,158,0
Trento,2023,826,"49,9",250,"57,3",370,50,19,"57,8",187,"38,8",363,"32,6",758,448,1187,832,2588,0,3349,2998,16757,4886,12843,"87,96092796","7,390417941",3875,"68,69677419","88,25806452","90,47485249","67,63888889","85,6266433","20,27239709",29882,"64,8","56,1",840,"95,83333333",236,"30,55",0,68,22,0,49,23,22996599,"1169,02","269164124,2","155939563,5","20316417,96","149683161,3","3888374,32","1534277,66","731329,33","236068023,6","203750010,7","46875170,14","33096100,61",155299561,4439277,230172265,52490163,156007081,21675021,220275617,124896898,72160169,19050647,4167903,9896648,20818896,19088723,254564,311900,560560,603149,31671267,0,0,28640612,12362454,1442925,0,0,10919529,6492,85,10
Trieste,2023,722,"52,3",138,"60,1",353,"53,3",74,"59,1",157,"39,9",124,"33,6",629,946,844,639,2726,0,4408,3415,17186,5551,12802,"80,11376564","10,60873958",3210,"61,5576324","84,48598131","87,73429793","73,39544513","89,71291866","23,80193906",8970,"79,2","59,2",544,"87,86764706",122,"31,06",811,125,180,150,101,99,"21669060,42","1032,31","264101192,1","153415871,5","20006888,73","141898804,7",9129438,"690905,1","1006831,7","261157936,6","168872075,5","29928639,55","2943255,51","77119211,16","6581133,58","180498303,3","32049065,78","144060417,6","4388819,93",170569458,"93752783,36","62864509,68","11585790,43","2366374,49","9928845,38","19435901,99",0,0,0,0,0,"12613163,79",0,"1,166671018",107430902,95495259,52205722,30641394,3128961,9511704,7503,48,6
Tuscia,2023,386,"50,8",79,"59,8",157,"53,9",27,"56,5",123,"39,9",87,"34,8",277,210,467,310,1192,0,2003,1525,7831,2598,5610,"73,27586207","10,49085659",1350,"59,7037037","79,62962963","91,12903226","68,29896907","79,04411765","20,2746114",1866,"45,6","56,7",278,"94,60431655",50,34,0,0,96,0,24,11,"7101869,07","619,9","107687014,9","57414824,43","7233058,06","54888871,31","1650975,53",100020,"750006,64","102076694,3","73872383,96","11756473,29","5610320,61","64690563,26","1841360,21","82955001,02","28170927,53","53914468,18","869605,31","76198946,72","48563403,87","22698883,83","2817048,1","2119610,92","6756054,3","7235020,72","5961751,01","133151,65","23298,3","442916,69","673903,07","20935906,81",0,"1,125611664",51222216,43985516,24048067,13761937,512132,5662156,7516,20,1
Udine,2023,692,"53,3",166,"60,1",306,54,98,57,122,"39,6",200,"38,1",500,736,891,573,2592,0,3998,3041,15232,4985,11417,"75,55670637","10,0918318",2985,"62,44556114","82,57956449","91,0707804","76,80981595","88,79551821","21,99277457",7708,"66,4","67,4",310,"90,64516129",75,"31,31",592,360,113,0,344,75,23448743,"1215,05","219937283,1","110098688,1","22018872,51","108651518,1","619572,21","490095,06","182804,52","215839273,3","142698433,6","25996048,66","4098009,83",86351328,7117905,162272332,37845383,122537834,1889115,149968974,90973926,45219697,12691484,1083867,12303358,23219933,18346715,2280470,1067963,794817,729968,14625450,"0,04157859611","1,182940073",93041992,81999472,44642751,27125947,1173407,9054563,7483,41,2
Urbino,2023,367,"53,5",80,60,161,"54,1",46,"58,6",80,"42,6",85,"36,4",387,62,452,420,1347,0,3072,2558,14074,4039,10137,"78,28968129","8,777620109",2850,"57,54385965","81,71929825","93,17406143","71,51095732","78,84914463","38,32697548",5918,"93,1","54,4",178,"85,95505618",48,"33,08",0,319,125,0,340,62,"16646415,45","924,88","131547970,4","65258875,79","14127898,2","64583706,66","297116,77",301100,"64352,36","123116517,2","71893168,54","10815926,14","8431453,18","136106248,1","13760141,72","88420088,05","17891486,89","66578244,13","3950357,03","71614341,21","51694225,01","16171608,49","2778674,08","969833,63","16805746,84","14561920,06","12852195,04","241705,37",26904,"692275,11","748840,54","3329566,83","0,6015602016","1,312181744",66660633,58396386,35794523,15628061,589260,6383134,6103,15,0
Venezia Cà Foscari,2023,714,"49,8",182,"57,7",302,"51,2",27,"56,8",203,"39,5",325,"36,3",730,233,1035,808,2334,0,4231,3489,20099,6581,15148,"84,64119292","8,74100191",5016,"68,70015949","89,4338118","89,40512375","71,33891213","85,50829128","28,25910364",19834,"57,6","46,3",422,"91,94312796",91,"31,76",0,71,2,0,335,207,"32848409,83","1406,96","326567773,8","120677582,8","31473428,33",119160603,"891955,03","110920,84","499103,94","333925248,5",170271287,"37401012,70","-7357474,75","179045060,1","3052279,37","188355848,9","51914611,35","122812002,3","13629235,34","178863529,7","105559757,4","57888166,2","11657448,79","3758157,23","9492319,28","30351603,46",0,0,0,0,0,"21563007,89","4,481434747","1,217717585",109510860,91946632,49887661,30745744,1062416,10248272,5554,24,2
Venezia Iuav,2023,179,"52,6",48,"59,9",78,"53,6",6,"62,8",47,"42,3",56,34,238,112,235,242,774,0,993,817,4658,1653,3809,"88,67383513","4,231404959",1139,"68,12993854","92,71290606","85,34080299","77,98913043","87,1875","26,02234637",5799,"65,5","37,8",119,"89,91596639",31,"34,39",24,34,64,0,62,97,"8381492,99","1565,25","93233130,91","42533449,69","7922920,3","40521923,52","1225020,91",0,"786505,26","91370260,3","64201278,82","12277140,71","1862870,61",69191840,2222531,56284914,12446694,41794110,2044110,52162610,31138342,17526624,3025179,472465,4122304,8225785,6829119,"849322,01","52244,64",385566,"109533,35",4220909,0,"1,289681124",35425887,30016756,17139234,7939200,1744896,3189256,7974,4,0
Verona,2023,838,"50,4",197,"57,9",378,"51,6",50,"56,3",213,40,307,"33,4",783,2674,1131,815,5269,0,7604,5363,26654,9768,21086,"78,88734353","9,082217973",5290,"69,26275992","88,8657845","90,30387845","75,83454282","86,18246236","31,79236277",16474,80,40,560,"85,53571429",126,"32,02",2006,720,176,428,545,235,35604887,"1035,77","388451027,2","220611720,5","37110224,04","216942952,8","66428,4","717264,35","2858102,95","353590090,7","257836088,5","34956083,38","34860936,53",190788933,10932389,287564764,63928895,194699481,28936388,267646666,130927658,118217662,17644438,856908,19918098,38272103,28394622,2667216,4597413,1300170,1312682,25656792,"3,035290089","1,317279339",136206711,113582860,60961860,38619842,1298254,12699801,6257,61,2